subject,artifact,snr,nch,method,seconds,note,snr_gain,snr_gain_chmean,snr_gain_contam,n_contam,rrmse,cc,alpha_ratio_err,alpha_ratio_clean,alpha_ratio_cleaned
1,eog,-5,8,none,0.0,,0.0,-1.1102230246251565e-16,-1.4802973661668753e-16,6,1.5166758644850142,0.7172560865976259,0.0022017000602400946,27.17687245443429,27.117037132714223
1,eog,-5,8,ica_iclabel,4.2,,19.192360704304022,16.363602384633165,19.054174288089865,6,0.17241063389688976,0.965323578346806,0.0029245087645783326,27.17687245443429,27.09739345274747
1,eog,-5,8,asr,2.0,,0.0,-1.1102230246251565e-16,-1.4802973661668753e-16,6,1.5166758644850142,0.7172560865976259,0.0022017000602400946,27.17687245443429,27.117037132714223
1,eog,-5,8,gedai,3.6,,10.372200241330026,1.4481819459141532,7.678824870731293,6,0.5724561605451657,0.822521007696677,0.9019339752883769,27.17687245443429,2.665127845701182
1,eog,-5,8,tcn_nobrain,0.0,,10.629841307289409,0.7801016783766497,6.34412699014221,6,0.6132327796500637,0.7860438885237109,0.09176266763397808,27.17687245443429,29.670694768801557
1,eog,0,8,none,0.0,,9.64327466553287e-16,3.3306690738754696e-16,5.329070518200751e-16,5,0.8528895152515922,0.8104166632458211,0.0010954193081190928,27.17687245443429,27.14710238361341
1,eog,0,8,ica_iclabel,3.6,,14.15620529401179,11.228871459708003,14.075247077238652,5,0.17357311055105723,0.9650286201467047,0.0018107100522291115,27.17687245443429,27.127663018292896
1,eog,0,8,asr,0.2,,9.64327466553287e-16,3.3306690738754696e-16,5.329070518200751e-16,5,0.8528895152515922,0.8104166632458211,0.0010954193081190928,27.17687245443429,27.14710238361341
1,eog,0,8,gedai,0.9,,5.464257490401772,-3.5241115359586916,4.386520585750682,5,0.5706197423289252,0.8267463448044476,0.8290188657456694,27.17687245443429,4.646732477744448
1,eog,0,8,fly_brain_tcn,0.0,,5.832540213742093,-3.998038818114167,3.0103447238342005,5,0.5941955005626158,0.8032596933312564,0.0740790872112819,27.17687245443429,29.19011035911621
1,eog,0,8,tcn_nobrain,0.0,,5.8386583975242115,-4.057963643447006,2.8250397550638704,5,0.5992747988452479,0.7986933993741142,0.09323289276815554,27.17687245443429,29.7106508897524
1,eog,5,8,none,0.0,,0.0,1.1102230246251565e-16,-4.440892098500626e-16,2,0.47961502056057076,0.8842888514264029,0.0005707387069557962,27.17687245443429,27.161361561390542
1,eog,5,8,ica_iclabel,3.7,,9.067119654419285,5.945307058567636,9.143196080485467,2,0.17626984985543478,0.9642967667848847,0.00036092218779809534,27.17687245443429,27.186681190698053
1,eog,5,8,asr,0.2,,0.0,1.1102230246251565e-16,-4.440892098500626e-16,2,0.47961502056057076,0.8842888514264029,0.0005707387069557962,27.17687245443429,27.161361561390542
1,eog,5,8,gedai,0.9,,-0.121131304162498,-8.757524042628212,6.633740748618937,2,0.5873549348210546,0.8141244337382598,0.9036466983035554,27.17687245443429,2.618581390767905
1,eog,5,8,tcn_nobrain,0.0,,0.8725308881534535,-9.040011283968578,6.672607715706288,2,0.5975181412852819,0.8013146691214451,0.09383876495367467,27.17687245443429,29.727116600861944
1,emg,-5,8,none,0.0,,0.0,-3.3306690738754696e-16,1.4802973661668753e-16,6,3.1684731101604786,0.5578649609601264,0.0010965946392354849,27.17687245443429,27.206674467079008
1,emg,-5,8,ica_iclabel,7.5,,17.989924631379285,14.465535251543201,16.11599814772028,6,0.4302736387434754,0.7832948123079051,0.0009050722480305431,27.17687245443429,27.201469487481063
1,emg,-5,8,asr,0.2,,18.934738482299434,14.274692284099302,18.201599783434798,6,0.3787292876862527,0.8479601049457333,0.003287768516568265,27.17687245443429,27.26622372006877
1,emg,-5,8,gedai,1.0,,15.30303113749351,3.6123960610981296,12.982694236921555,6,0.6047545635011377,0.7921203422217379,0.927766758366463,27.17687245443429,1.9630735948449678
1,emg,-5,8,tcn_nobrain,0.0,,14.24784768034157,3.0256025408539235,10.212937215526876,6,0.7390567189065129,0.7233794877257664,0.15770893665138963,27.17687245443429,31.46290811073356
1,emg,0,8,none,0.0,,0.0,4.440892098500626e-16,3.552713678800501e-16,5,1.781763368065857,0.6362038740069444,0.0006889785956651268,27.17687245443429,27.195596737852515
1,emg,0,8,ica_iclabel,6.9,,0.5745192222513408,2.536664575290687,1.8006457793018864,5,1.5171907506501758,0.6323519394054995,0.0008976983923830958,27.17687245443429,27.201269089146635
1,emg,0,8,asr,0.2,,8.610420992253632,7.525768369661151,11.091767407108549,5,0.5817000073126606,0.7991229728782405,0.0024445889888889028,27.17687245443429,27.243308737588837
1,emg,0,8,gedai,0.9,,9.389682637343808,-2.1878447575347897,10.34569965854729,5,0.6630651960531517,0.7371743032436077,0.9875710746850388,27.17687245443429,0.33777931803038885
1,emg,0,8,fly_brain_tcn,0.0,,12.199278131612566,0.1961779106205186,10.411833721165674,5,0.5412633078778677,0.8244333248675739,0.11139179901888124,27.17687245443429,30.204153168840403
1,emg,0,8,tcn_nobrain,0.0,,11.958219011853338,-0.3219230315744639,10.148398795714462,5,0.5632060073752807,0.8160127865208446,0.15632885904184837,27.17687245443429,31.42540191756184
1,emg,5,8,none,0.0,,9.64327466553287e-16,1.1102230246251565e-15,0.0,4,1.0019591727645667,0.7334792311273992,0.0004102768873557075,27.17687245443429,27.188022497072957
1,emg,5,8,ica_iclabel,5.5,,-1.1089765865362815e-14,-1.1723955140041653e-13,-9.769962616701378e-15,4,1.0019591727645683,0.7334792311273991,0.0004102768873557075,27.17687245443429,27.188022497072957
1,emg,5,8,asr,0.3,,9.64327466553287e-16,1.1102230246251565e-15,0.0,4,1.0019591727645667,0.7334792311273992,0.0004102768873557075,27.17687245443429,27.188022497072957
1,emg,5,8,gedai,1.0,,6.7623126952043835,-5.01876696274234,10.934352683801066,4,0.5147248988692823,0.8581993747886177,0.902152566174787,27.17687245443429,2.6591872290615135
1,emg,5,8,tcn_nobrain,0.0,,8.44649570481079,-4.260084970303551,9.90716944467222,4,0.48016042170122586,0.8817985513129165,0.15534449625084729,27.17687245443429,31.39865001554191
1,both,-5,8,none,0.0,,0.0,-5.551115123125783e-16,-7.401486830834377e-16,6,2.6396295373837635,0.5615524362654317,0.0006174809431898337,27.17687245443429,27.160091253598175
1,both,-5,8,ica_iclabel,6.9,,3.292151773509101,5.353218788633992,6.025968787364444,6,1.524879575155804,0.6990353395888405,0.00014241419616417442,27.17687245443429,27.173002081989434
1,both,-5,8,asr,0.2,,16.210655110684705,9.019008883008844,12.6495661854429,6,0.4877233737367462,0.8116934055719058,0.0006707473129060228,27.17687245443429,27.19510126860629
1,both,-5,8,gedai,1.0,,12.984981494916166,4.1689867403388385,12.366702346630722,6,0.6407498991195856,0.7624823844153621,0.930433360151735,27.17687245443429,1.8906036982398633
1,both,-5,8,tcn_nobrain,0.0,,12.007982637686927,3.974105101666237,9.755248218660563,6,0.7635458845825236,0.7229648592468662,0.07157877800266055,27.17687245443429,29.12215977465686
1,both,0,8,none,0.0,,9.64327466553287e-16,-6.661338147750939e-16,-2.9605947323337506e-16,6,1.484372772600334,0.6601821002239097,0.00023543705345280925,27.17687245443429,27.170474011661554
1,both,0,8,ica_iclabel,6.4,,3.1803665187660495,4.039859278253092,5.082032024871833,6,0.9033490636054078,0.7670502215490115,0.0009451474593953439,27.17687245443429,27.15118630247967
1,both,0,8,asr,0.2,,1.809943867046207,0.8628738496770287,2.087445032828093,6,1.1997418978685848,0.6763673509828378,0.0021021852363299403,27.17687245443429,27.234003274477622
1,both,0,8,gedai,1.0,,9.036806196664713,0.05480867420016633,8.021509380822916,6,0.5800332095355603,0.8192065801760597,0.7419863070172577,27.17687245443429,7.012005225689557
1,both,0,8,fly_brain_tcn,0.0,,10.836714903179143,1.6150617330028587,8.074219268302281,6,0.5141755730979296,0.8411453823300716,0.08452590429047846,27.17687245443429,29.474022174432342
1,both,0,8,tcn_nobrain,0.0,,10.196669361525352,1.1010174191653177,7.561768667027416,6,0.5494144687897177,0.8243702267110202,0.07158692935684553,27.17687245443429,29.122381302969877
1,both,5,8,none,0.0,,0.0,-5.551115123125783e-17,-1.1102230246251565e-16,4,0.8347241523594249,0.7704165145493813,9.700822499882724e-05,27.17687245443429,27.174236074276465
1,both,5,8,ica_iclabel,6.4,,2.598617674999619,0.8429416670537193,3.688853144497588,4,0.5984330687629302,0.818860876697994,0.0026890118083203497,27.17687245443429,27.24995138537748
1,both,5,8,asr,0.2,,0.0,-5.551115123125783e-17,-1.1102230246251565e-16,4,0.8347241523594249,0.7704165145493813,9.700822499882724e-05,27.17687245443429,27.174236074276465
1,both,5,8,gedai,0.9,,3.349449795109756,-5.225954226351566,7.472388520456873,4,0.6013063629667583,0.8008551531259658,0.8840743999643734,27.17687245443429,3.1504952463719866
1,both,5,8,tcn_nobrain,0.0,,7.081698807968376,-2.490561503414993,8.691722231371344,4,0.44731004719608364,0.8940699463629447,0.07158114091357354,27.17687245443429,29.122223991185365
1,eog,-5,16,none,0.0,,0.0,-2.7755575615628914e-16,-8.881784197001253e-17,10,1.233272650673499,0.7410887226043298,0.0023580606773514617,26.5821662666318,26.519483905639635
1,eog,-5,16,ica_iclabel,6.0,,16.950071363379152,13.381089327114733,16.62737118646262,10,0.18860288280546336,0.9632025206026356,0.0019813665864953033,26.5821662666318,26.634835282669165
1,eog,-5,16,asr,0.5,,0.0,-2.7755575615628914e-16,-8.881784197001253e-17,10,1.233272650673499,0.7410887226043298,0.0023580606773514617,26.5821662666318,26.519483905639635
1,eog,-5,16,gedai,4.7,,12.610748048581613,4.069065644389076,11.243826991689156,10,0.38370043129121584,0.9193909811228789,0.29494861024347063,26.5821662666318,18.741793269027884
1,eog,-5,16,tcn_nobrain,0.0,,8.853736192842833,-0.6470700521417538,6.554820420819452,10,0.6364246475441678,0.768354435892262,0.09769016051060735,26.5821662666318,29.17898235593871
1,eog,0,16,none,0.0,,0.0,8.326672684688674e-17,1.4802973661668753e-16,9,0.6935201764627009,0.8361194058678543,0.0011769624746380874,26.5821662666318,26.550880054441382
1,eog,0,16,ica_iclabel,5.9,,11.97877985345077,8.38521632880855,13.682433708196452,9,0.18785388176440682,0.9634347785471551,0.0019684723605018902,26.5821662666318,26.63449252620993
1,eog,0,16,asr,0.5,,0.0,8.326672684688674e-17,1.4802973661668753e-16,9,0.6935201764627009,0.8361194058678543,0.0011769624746380874,26.5821662666318,26.550880054441382
1,eog,0,16,gedai,2.5,,7.9715184844306535,-0.6252066892905903,7.685891100255836,9,0.36998138241767553,0.9266859046113196,0.2993947469224133,26.5821662666318,18.62360532458406
1,eog,0,16,fly_brain_tcn,0.0,,4.007066107668955,-5.47448951885044,2.5946024191119457,9,0.6219168835133229,0.7820781187720067,0.07597817790739358,26.5821662666318,28.601830824401866
1,eog,0,16,tcn_nobrain,0.0,,3.9786136600289663,-5.549176728156059,2.425675739606786,9,0.6281358704347735,0.7763211919658587,0.09879595730892111,26.5821662666318,29.208376830288596
1,eog,5,16,none,0.0,,0.0,-2.7755575615628914e-17,-4.440892098500626e-16,5,0.38999505531130274,0.9101617956050044,0.0006145585040800539,26.5821662666318,26.56582997029577
1,eog,5,16,ica_iclabel,6.2,,6.966908329484519,3.2996856229723956,11.090919434226581,5,0.188457346092417,0.9632981927934254,0.0021363985880070045,26.5821662666318,26.638956369109998
1,eog,5,16,asr,0.5,,0.0,-2.7755575615628914e-17,-4.440892098500626e-16,5,0.38999505531130274,0.9101617956050044,0.0006145585040800539,26.5821662666318,26.56582997029577
1,eog,5,16,gedai,2.3,,2.8641717733754515,-5.642187460053359,7.77053863324578,5,0.3687119538269699,0.9285160831969048,0.42650686723262204,26.5821662666318,15.244689807993986
1,eog,5,16,tcn_nobrain,0.0,,-1.0009196922012287,-10.537023588668777,2.482699675282715,5,0.6270169872123246,0.7779873620383413,0.09925149641510977,26.5821662666318,29.220486046550256
1,emg,-5,16,none,0.0,,0.0,-1.1102230246251565e-16,2.220446049250313e-16,8,1.7047064773139324,0.756373568378937,0.001090617188214075,26.5821662666318,26.61115723406215
1,emg,-5,16,ica_iclabel,11.8,,9.606619374164737,13.233101872115054,14.793037423575768,8,0.41605459416234,0.9039785913536809,0.00020648531748265213,26.5821662666318,26.58765509367274
1,emg,-5,16,asr,0.5,,20.401518396256883,11.912366087361654,19.376922632297482,8,0.18478355928992188,0.9496049478064212,0.0017541198551522207,26.5821662666318,26.628794572273055
1,emg,-5,16,gedai,2.1,,16.980819871142458,-0.2901264592737256,12.910349704325858,8,0.3790538762434921,0.9228110520016216,0.6945569437018881,26.5821662666318,8.119338107504584
1,emg,-5,16,tcn_nobrain,0.0,,13.229696118681328,-3.709953137405231,8.012744192558056,8,0.5992977912409001,0.8203290134463418,0.15800886443691423,26.5821662666318,30.782384172695537
1,emg,0,16,none,0.0,,0.0,2.220446049250313e-16,2.9605947323337506e-16,6,0.9586268996817392,0.8098473279335365,0.0006741754976498008,26.5821662666318,26.600087311803215
1,emg,0,16,ica_iclabel,12.7,,15.553699903091786,11.743117673961965,15.46144097818483,6,0.1673010971450323,0.9510540703614803,0.0004030989309443097,26.5821662666318,26.59288150943606
1,emg,0,16,asr,0.5,,8.959771076230941,4.260352173069497,12.410782225209191,6,0.30832543442140065,0.9191198186493506,0.0012506652657515041,26.5821662666318,26.615411658669906
1,emg,0,16,gedai,2.2,,11.993987296385635,-5.251442686974757,11.992037163831336,6,0.3721679578538092,0.9276388204837468,0.6806017680534252,26.5821662666318,8.490296906872077
1,emg,0,16,fly_brain_tcn,0.0,,10.637626060929255,-7.204443849011914,8.477193010950655,6,0.4793735907495922,0.8795216945058527,0.11332501111610656,26.5821662666318,29.59459055428804
1,emg,0,16,tcn_nobrain,0.0,,10.255313659399503,-7.808682518966142,8.164934220397685,6,0.5072009185286482,0.8694046740000982,0.156664225394015,26.5821662666318,30.746640754088585
1,emg,5,16,none,0.0,,9.64327466553287e-16,1.2212453270876722e-15,0.0,4,0.5390755207592971,0.8639841854299356,0.00039833974664193393,26.5821662666318,26.592755000007642
1,emg,5,16,ica_iclabel,8.9,,4.001695427432141,4.883785120185346,6.856795311108665,4,0.2928421693291945,0.9192295820646877,0.0011784137749155845,26.5821662666318,26.613491057527494
1,emg,5,16,asr,0.5,,9.64327466553287e-16,1.2212453270876722e-15,0.0,4,0.5390755207592971,0.8639841854299356,0.00039833974664193393,26.5821662666318,26.592755000007642
1,emg,5,16,gedai,2.3,,7.253033926225742,-9.938862426165468,12.804425832959286,4,0.35700327499079,0.9348796954494905,0.7232058729942754,26.5821662666318,7.35778750569337
1,emg,5,16,tcn_nobrain,0.0,,6.2347222271100105,-12.231044960549072,9.90716944467222,4,0.4631451807697312,0.9037909152467347,0.15568623281120172,26.5821662666318,30.72064359264471
1,both,-5,16,none,0.0,,-4.821637332766436e-16,-2.7755575615628914e-16,-4.440892098500626e-16,10,1.6690613031019996,0.6900702682290482,0.0007360438866385742,26.5821662666318,26.562600625657634
1,both,-5,16,ica_iclabel,11.7,,4.712709600915981,8.479375499367176,10.45823083959977,10,0.6309159723246304,0.8745562090877722,2.7726521541696645e-05,26.5821662666318,26.582903297637415
1,both,-5,16,asr,0.5,,14.655330600476699,6.001708160221067,10.348966122753485,10,0.4183316181709321,0.8759723484862583,0.0001461542459466047,26.5821662666318,26.57828117016547
1,both,-5,16,gedai,2.1,,14.567057005144777,3.7308733439845736,12.547895019228275,10,0.427394233004458,0.9003352933023185,0.4924987903517998,26.5821662666318,13.49048153538522
1,both,-5,16,tcn_nobrain,0.0,,11.10913874743963,1.0999322111326597,7.932976688496927,10,0.6313389754196875,0.7958139191059708,0.07161986970181587,26.5821662666318,28.485977551039973
1,both,0,16,none,0.0,,0.0,-4.996003610813204e-16,-9.868649107779169e-17,9,0.9385821452536316,0.7832446864517689,0.00030472229779907305,26.5821662666318,26.574066087846553
1,both,0,16,ica_iclabel,9.3,,4.267056438986203,4.151658738267317,6.551916086465315,9,0.467920992340769,0.8858471423496613,0.006494429760340389,26.5821662666318,26.75480227832813
1,both,0,16,asr,0.5,,0.0,-4.996003610813204e-16,-9.868649107779169e-17,9,0.9385821452536316,0.7832446864517689,0.00030472229779907305,26.5821662666318,26.574066087846553
1,both,0,16,gedai,2.5,,10.577688006824982,-0.18441575722855763,9.666322311890815,9,0.3809727928161584,0.9215832142250994,0.3689815795122212,26.5821662666318,16.773836570713513
1,both,0,16,fly_brain_tcn,0.0,,9.285685392990636,-1.932902501156252,6.889953826365089,9,0.4678854359576718,0.8820340850055328,0.08693159394620206,26.5821662666318,28.892996350733064
1,both,0,16,tcn_nobrain,0.0,,8.741574269591105,-2.3702478690110405,6.452854755188941,9,0.4940511560445826,0.8688071717539716,0.07176865931987847,26.5821662666318,28.48993270140606
1,both,5,16,none,0.0,,0.0,-2.498001805406602e-16,-5.709718412357948e-16,7,0.5278035275081332,0.8660306222683991,0.00013679243130706222,26.5821662666318,26.578530027478777
1,both,5,16,ica_iclabel,7.8,,3.837155611531213,1.207308761394416,4.357712339181863,7,0.3333804584513494,0.9074625918192846,0.005637701294726544,26.5821662666318,26.732028579809825
1,both,5,16,asr,0.5,,0.0,-2.498001805406602e-16,-5.709718412357948e-16,7,0.5278035275081332,0.8660306222683991,0.00013679243130706222,26.5821662666318,26.578530027478777
1,both,5,16,gedai,2.2,,5.664570363857501,-5.014875407381085,7.193425545977608,7,0.37253601522321167,0.9280087879522554,0.46214188332278355,26.5821662666318,14.297433885371213
1,both,5,16,tcn_nobrain,0.0,,5.1331110775432265,-6.432481821378323,5.0909011211282555,7,0.4301176622936116,0.9132654268881428,0.07187071480519064,26.5821662666318,28.49264555728505
1,eog,-5,32,none,0.0,,0.0,-2.498001805406602e-16,-2.0185873175002846e-16,22,1.1725353184808558,0.7442367790074672,0.0023580606773514613,26.582166266631802,26.51948390563964
1,eog,-5,32,ica_iclabel,8.6,,16.833543422957593,11.52661995680527,15.389541768666168,22,0.2071573258603696,0.9664768168229319,0.011436118014288123,26.582166266631802,26.886163057132432
1,eog,-5,32,asr,1.0,,0.0,-2.498001805406602e-16,-2.0185873175002846e-16,22,1.1725353184808558,0.7442367790074672,0.0023580606773514613,26.582166266631802,26.51948390563964
1,eog,-5,32,gedai,7.9,,12.137153208867895,4.687165236862529,10.374936528666078,22,0.37382208889752383,0.9250896506592445,0.5561001249766782,26.582166266631802,11.799820283607017
1,eog,-5,32,tcn_nobrain,0.0,,8.280145648413297,-0.0715062067786969,5.214036800203019,22,0.636716451186506,0.7673287583130963,0.09769016051060721,26.582166266631802,29.17898235593871
1,eog,0,32,none,0.0,,0.0,-1.3877787807814457e-17,-2.6122894697062506e-17,17,0.6593650645572837,0.8447710943489959,0.0011769624746383546,26.582166266631802,26.55088005444138
1,eog,0,32,ica_iclabel,8.6,,11.914971391077597,6.627602582138705,12.459194013665014,17,0.2049960217576354,0.967114748534253,0.011470134229797318,26.582166266631802,26.88706728182886
1,eog,0,32,asr,1.1,,0.0,-1.3877787807814457e-17,-2.6122894697062506e-17,17,0.6593650645572837,0.8447710943489959,0.0011769624746383546,26.582166266631802,26.55088005444138
1,eog,0,32,gedai,5.4,,6.642244341406263,-0.866986241599178,7.14139572836066,17,0.3967756650500998,0.9156628076168731,0.4450831222946432,26.582166266631802,14.750892707323981
1,eog,0,32,fly_brain_tcn,0.0,,3.4401955891175815,-4.897905036189572,2.8998390704081385,17,0.6226407921239733,0.7805460871846066,0.07597817790739345,26.582166266631802,28.601830824401866
1,eog,0,32,tcn_nobrain,0.0,,3.38049273184998,-4.99196600867523,2.7358351004882735,17,0.6300366254594041,0.7740188608004734,0.09879595730892096,26.582166266631802,29.208376830288596
1,eog,5,32,none,0.0,,0.0,9.020562075079397e-17,-1.878838964750265e-16,13,0.3707882243563321,0.9181153159611943,0.0006145585040801875,26.582166266631802,26.56582997029577
1,eog,5,32,ica_iclabel,8.6,,6.928388809896411,1.6228976999367366,8.195387487453107,13,0.204700778878395,0.9672661808574542,0.011745902243770897,26.582166266631802,26.894397793027323
1,eog,5,32,asr,1.1,,0.0,9.020562075079397e-17,-1.878838964750265e-16,13,0.3707882243563321,0.9181153159611943,0.0006145585040801875,26.582166266631802,26.56582997029577
1,eog,5,32,gedai,5.8,,2.605922043958167,-4.860137112745927,4.7673949396602175,13,0.35572627475177304,0.9326170115426689,0.3744655595208649,26.582166266631802,16.628060502320864
1,eog,5,32,tcn_nobrain,0.0,,-1.6042294596528384,-9.983909422960833,-0.22013893818632424,13,0.629260054642615,0.7753375310940597,0.09925149641510962,26.582166266631802,29.220486046550256
1,emg,-5,32,none,0.0,,9.64327466553287e-16,2.42861286636753e-17,4.3175339846533866e-17,18,1.2181062938240301,0.7820145770264595,0.0010906171882138077,26.582166266631802,26.611157234062148
1,emg,-5,32,ica_iclabel,14.5,,21.30166165862685,13.782705186242481,19.843569734142008,18,0.12981580098627676,0.9785365844908592,0.004250840038641297,26.582166266631802,26.69516280331182
1,emg,-5,32,asr,1.1,,9.650249017081576,12.358496942581146,17.012324808413428,18,0.2759899529375611,0.9472050399662452,0.0005710335866263889,26.582166266631802,26.597345576375336
1,emg,-5,32,gedai,5.6,,15.27937450156889,0.8383849759871653,11.227874176344619,18,0.3524406934716175,0.9341734923455591,0.6113673344510281,26.582166266631802,10.330698132267079
1,emg,-5,32,tcn_nobrain,0.0,,11.914608118708966,-2.4784980833722363,6.80972714792718,18,0.5386414236571049,0.8596847967216096,0.15800886443691434,26.582166266631802,30.782384172695544
1,emg,0,32,none,0.0,,9.64327466553287e-16,1.3877787807814457e-17,1.4802973661668753e-16,15,0.6849915078897499,0.8565886312275368,0.000674175497649667,26.582166266631802,26.600087311803215
1,emg,0,32,ica_iclabel,13.6,,4.491185735869664,5.230317978060649,9.880338381408556,15,0.31622986140672066,0.9360926047161144,0.004529911527755136,26.582166266631802,26.70258112803572
1,emg,0,32,asr,1.1,,7.871886672471524,1.0735260760896104,10.01471510709063,15,0.29688715743031635,0.947672267476898,0.007797324274663611,26.582166266631802,26.789436036935754
1,emg,0,32,gedai,6.2,,12.510055569030847,-2.0013133631185367,9.594815861561223,15,0.27654254035321557,0.9587498662744041,0.2368742863137823,26.582166266631802,20.285534603549095
1,emg,0,32,fly_brain_tcn,0.0,,8.754799766170061,-6.22342866080499,4.868769346297933,15,0.4532361199092415,0.9022854660218769,0.1133250111161064,26.582166266631802,29.59459055428804
1,emg,0,32,tcn_nobrain,0.0,,8.375003776081504,-6.816789995403838,4.528857754922772,15,0.48030334515828,0.8939351012797807,0.15666422539401484,26.582166266631802,30.746640754088585
1,emg,5,32,none,0.0,,0.0,4.787836793695988e-16,1.3877787807814457e-16,8,0.385199032106033,0.911839777888786,0.0003983397466418002,26.582166266631802,26.592755000007642
1,emg,5,32,ica_iclabel,12.0,,11.387605008777925,4.550549623958646,10.997808425952666,8,0.1260416490230584,0.9788336097253605,0.0014894918449621043,26.582166266631802,26.621760186507377
1,emg,5,32,asr,1.1,,0.0,4.787836793695988e-16,1.3877787807814457e-16,8,0.385199032106033,0.911839777888786,0.0003983397466418002,26.582166266631802,26.592755000007642
1,emg,5,32,gedai,5.9,,6.818875811078059,-7.382195982263632,10.155524224358576,8,0.287629137924224,0.9570288645164436,0.6153671738803332,26.582166266631802,10.224373735517462
1,emg,5,32,tcn_nobrain,0.0,,4.038013348028071,-11.41179879854146,5.4205919244484395,8,0.45203314530680205,0.9155212824307036,0.1556862328112017,26.582166266631802,30.720643592644713
1,both,-5,32,none,0.0,,0.0,-1.0408340855860843e-16,-2.321375415125327e-16,22,1.3315565666648856,0.7231171860336314,0.000736043886638975,26.582166266631802,26.562600625657627
1,both,-5,32,ica_iclabel,13.6,,6.362062882540151,12.822780137726026,15.216277851146437,22,0.3918524749791949,0.9231456213275007,0.003797359481805465,26.582166266631802,26.683108307751326
1,both,-5,32,asr,1.0,,1.3295334730109505,0.9778527448104087,1.258548522664412,22,1.1636743926502424,0.7412752630570707,0.0010259732743668644,26.582166266631802,26.55489367446746
1,both,-5,32,gedai,5.8,,13.306468954017653,4.471619228388143,10.690077015976122,22,0.3960609669075722,0.9148887339572199,0.539672257202577,26.582166266631802,12.236508596184416
1,both,-5,32,tcn_nobrain,0.0,,10.039322581759183,1.7882970279630501,6.692722970759146,22,0.5803131572825988,0.8245786485115261,0.07161986970181586,26.582166266631802,28.485977551039976
1,both,0,32,none,0.0,,0.0,-1.5265566588595902e-16,-7.011934892369409e-17,19,0.7487892844348378,0.8258425704402246,0.0003047222977993403,26.582166266631802,26.57406608784655
1,both,0,32,ica_iclabel,15.1,,5.959886212958101,8.140930439661663,11.49075954606429,19,0.27870754631758204,0.9421709960058837,0.005240542891965015,26.582166266631802,26.72147124911343
1,both,0,32,asr,1.1,,0.0,-1.5265566588595902e-16,-7.011934892369409e-17,19,0.7487892844348378,0.8258425704402246,0.0003047222977993403,26.582166266631802,26.57406608784655
1,both,0,32,gedai,5.7,,8.637848508576667,0.04746220964253611,7.659522020346289,19,0.37499216144174186,0.9240113991315049,0.6560056463068461,26.582166266631802,9.144115104653961
1,both,0,32,fly_brain_tcn,0.0,,7.764768258944098,-1.4829025696487688,5.0826900908909804,19,0.44885951501791266,0.898058333299496,0.08693159394620179,26.582166266631802,28.89299635073306
1,both,0,32,tcn_nobrain,0.0,,7.321434804271768,-1.8609016274222723,4.732434506438668,19,0.4704146517622326,0.8866573274536456,0.07176865931987833,26.582166266631802,28.48993270140606
1,both,5,32,none,0.0,,0.0,-1.1796119636642288e-16,-4.270088556250602e-16,13,0.4210751585534431,0.9026175589907519,0.00013679243130746316,26.582166266631802,26.57853002747877
1,both,5,32,ica_iclabel,12.8,,6.468605762480635,-0.5056315958247556,7.503414038978145,13,0.2544447391515816,0.9520675463004287,0.01581525263953645,26.582166266631802,26.161762591418857
1,both,5,32,asr,1.1,,0.0,-1.1796119636642288e-16,-4.270088556250602e-16,13,0.4210751585534431,0.9026175589907519,0.00013679243130746316,26.582166266631802,26.57853002747877
1,both,5,32,gedai,6.0,,3.654815012502623,-5.079537117807535,5.332826148871869,13,0.3748603730280103,0.92507095507343,0.5373032434604128,26.582166266631802,12.299482113366563
1,both,5,32,tcn_nobrain,0.0,,3.4752991664056725,-6.052937109361528,3.4121194845735254,13,0.41902342997799613,0.9223914198104293,0.07187071480519036,26.582166266631802,28.492645557285048
1,eog,-5,64,none,0.0,,0.0,-1.3530843112619095e-16,-1.1102230246251565e-16,46,1.176833483971197,0.7482505862196085,0.0023580606773514613,26.582166266631802,26.51948390563964
1,eog,-5,64,ica_iclabel,8.3,,23.408695593909144,20.173176305891353,22.917830117522787,46,0.08449908812848247,0.991862144672307,0.0022603474898313415,26.582166266631802,26.642251199426862
1,eog,-5,64,asr,2.4,,23.998974247545817,17.351267806162028,23.1246885494098,46,0.09951499807449889,0.9941020423219049,0.0034373249653025426,26.582166266631802,26.490794722891685
1,eog,-5,64,gedai,16.5,,16.07778896971777,7.806289540357973,12.453893377257227,46,0.2654815758695778,0.9619054094585391,0.08330448970978034,26.582166266631802,24.367752470409503
1,eog,-5,64,tcn_nobrain,0.0,,8.917443509505048,-0.06693000420047143,4.463791450145613,46,0.6451101060286042,0.7621514729036964,0.09769016051060721,26.582166266631802,29.17898235593871
1,eog,0,64,none,0.0,,0.0,-4.7921736023859296e-17,-9.020562075079397e-17,34,0.6617821008359767,0.849001790794202,0.0011769624746383546,26.582166266631802,26.55088005444138
1,eog,0,64,ica_iclabel,9.4,,18.803850074535347,16.2982911545457,22.778096145746286,34,0.0769072596074535,0.992514940696969,0.002286374868988558,26.582166266631802,26.642943063547104
1,eog,0,64,asr,2.4,,0.0,-4.7921736023859296e-17,-9.020562075079397e-17,34,0.6617821008359767,0.849001790794202,0.0011769624746383546,26.582166266631802,26.55088005444138
1,eog,0,64,gedai,16.8,,10.825496345486911,2.7267916269798356,9.976336120247876,34,0.2689088200214163,0.9607123778101804,0.1213507306104467,26.582166266631802,23.356400968967662
1,eog,0,64,fly_brain_tcn,0.0,,4.1200651858915025,-4.879228969895099,2.7000040082145658,34,0.6295011278553617,0.77591795361744,0.07597817790739345,26.582166266631802,28.601830824401866
1,eog,0,64,tcn_nobrain,0.0,,4.045440788009839,-4.982144694046031,2.5412924784448023,34,0.6374981139355673,0.7688847259687743,0.09879595730892096,26.582166266631802,29.208376830288596
1,eog,5,64,none,0.0,,9.64327466553287e-16,3.8163916471489756e-17,-1.942890293094024e-16,24,0.3721474236478032,0.9206011810392071,0.0006145585040801875,26.582166266631802,26.56582997029577
1,eog,5,64,ica_iclabel,8.5,,6.324792934496503,0.7611647436264581,12.088828261743956,24,0.22462357706525216,0.9623595403998015,0.029411479598355602,26.582166266631802,27.36398710746294
1,eog,5,64,asr,2.5,,9.64327466553287e-16,3.8163916471489756e-17,-1.942890293094024e-16,24,0.3721474236478032,0.9206011810392071,0.0006145585040801875,26.582166266631802,26.56582997029577
1,eog,5,64,gedai,15.4,,5.074298134200417,-2.8884141964202525,6.390489285624171,24,0.2893713749920299,0.9547016270433624,0.19505816489107447,26.582166266631802,21.397097695833178
1,eog,5,64,tcn_nobrain,0.0,,-0.9293533690965318,-9.96800556291479,0.07445912710225483,24,0.6361818026656318,0.7706102256885936,0.09925149641510962,26.582166266631802,29.220486046550256
1,emg,-5,64,none,0.0,,0.0,5.724587470723463e-17,2.921639538487254e-18,38,1.0239208372368727,0.7858979894364692,0.0010906171882138077,26.582166266631802,26.611157234062148
1,emg,-5,64,ica_iclabel,14.5,,16.90830931302796,7.482438568883673,15.593361250470695,38,0.20830279937028157,0.9670991580667038,0.023000096827353985,26.582166266631802,27.193558664645156
1,emg,-5,64,asr,2.5,,6.225953206660504,8.496283403857966,12.49317442875383,38,0.41506330163796457,0.915828220085218,0.0011368935522056678,26.582166266631802,26.612387360063995
1,emg,-5,64,gedai,12.6,,18.43493447175217,6.812472910206621,14.891750813518613,38,0.19104652468306996,0.9773059405419497,0.044101899816759035,26.582166266631802,25.409842233028375
1,emg,-5,64,tcn_nobrain,0.0,,10.497581148828958,-2.150548226053556,6.140316056711125,38,0.5160623700533548,0.873964687304617,0.15800886443691434,26.582166266631802,30.782384172695544
1,emg,0,64,none,0.0,,0.0,0.0,-6.125368411725002e-17,29,0.5757930007956182,0.8694331440378187,0.000674175497649667,26.582166266631802,26.600087311803215
1,emg,0,64,ica_iclabel,13.7,,11.771144921202115,2.463050414637446,11.679992948573867,29,0.20889588602264503,0.9668806909385818,0.02563955728637631,26.582166266631802,27.263721241421088
1,emg,0,64,asr,2.5,,0.0,0.0,-6.125368411725002e-17,29,0.5757930007956182,0.8694331440378187,0.000674175497649667,26.582166266631802,26.600087311803215
1,emg,0,64,gedai,14.7,,13.107867209080059,0.9584351466833412,11.7784809947027,29,0.20336690810659558,0.9769567114964275,0.21803627809550638,26.582166266631802,20.78628967013948
1,emg,0,64,fly_brain_tcn,0.0,,6.9841470607495895,-5.997691238192659,4.6521509440371425,29,0.4450154118558715,0.911812822210204,0.1133250111161064,26.582166266631802,29.59459055428804
1,emg,0,64,tcn_nobrain,0.0,,6.557180574764856,-6.577405794339647,4.353893805264606,29,0.47195968607935945,0.9037731406618174,0.15666422539401484,26.582166266631802,30.746640754088585
1,emg,5,64,none,0.0,,0.0,3.2612801348363973e-16,1.6361181415528622e-16,19,0.3237921990250934,0.9291142357974584,0.0003983397466418002,26.582166266631802,26.592755000007642
1,emg,5,64,ica_iclabel,14.1,,12.563099805274835,10.077352396369125,12.934377087716456,19,0.07529516828615831,0.9902369549514757,6.878554890140415e-05,26.582166266631802,26.580337797734163
1,emg,5,64,asr,2.5,,0.0,3.2612801348363973e-16,1.6361181415528622e-16,19,0.3237921990250934,0.9291142357974584,0.0003983397466418002,26.582166266631802,26.592755000007642
1,emg,5,64,gedai,13.8,,10.388840748494843,-1.8342785511311872,11.134567035025082,19,0.15936349220250706,0.9853797684363331,0.024105958724775434,26.582166266631802,25.941377663793258
1,emg,5,64,tcn_nobrain,0.0,,2.027858683321155,-11.248916561353294,3.0232316130915406,19,0.45076522062994684,0.9201021701288232,0.1556862328112017,26.582166266631802,30.720643592644713
1,both,-5,64,none,0.0,,0.0,-1.2858637765678083e-16,-2.175192393355266e-16,46,1.2287577895559232,0.7271701982028649,0.000736043886638975,26.582166266631802,26.562600625657627
1,both,-5,64,ica_iclabel,13.1,,16.223953330046484,11.04485366797441,15.826373022080022,46,0.22766825318464018,0.9617214140208725,0.02547509439920806,26.582166266631802,27.25934946160969
1,both,-5,64,asr,2.5,,1.020602232501765,1.3562391859966225,1.6983993854052906,46,1.0624079818380845,0.7623878125716677,0.0009661126648112179,26.582166266631802,26.55648489914349
1,both,-5,64,gedai,14.4,,14.850411858280905,7.065717376934753,12.216614422979225,46,0.30181288535615947,0.9497558158465993,0.1371943847691133,26.582166266631802,22.935242319850975
1,both,-5,64,tcn_nobrain,0.0,,9.15050018702247,2.0290539779543675,6.290849162754774,46,0.5703878422745159,0.8345829334791739,0.07161986970181586,26.582166266631802,28.485977551039976
1,both,0,64,none,0.0,,0.0,2.42861286636753e-17,-9.933574430856664e-17,38,0.6909812838106193,0.836800578112775,0.0003047222977993403,26.582166266631802,26.57406608784655
1,both,0,64,ica_iclabel,14.6,,10.883484327273237,5.7485286472689685,11.494954326932703,38,0.23709002270696325,0.9589539360434152,0.02643257560630648,26.582166266631802,27.284801386253957
1,both,0,64,asr,2.5,,0.0,2.42861286636753e-17,-9.933574430856664e-17,38,0.6909812838106193,0.836800578112775,0.0003047222977993403,26.582166266631802,26.57406608784655
1,both,0,64,gedai,14.9,,11.062830629758464,3.991204274137492,10.510670219201677,38,0.2519674306786438,0.9624212656655149,0.027539042658579323,26.582166266631802,25.85011885585758
1,both,0,64,fly_brain_tcn,0.0,,6.959740664245725,-1.329168073632626,4.85937122094203,38,0.44613302756260953,0.9032645103021075,0.08693159394620179,26.582166266631802,28.89299635073306
1,both,0,64,tcn_nobrain,0.0,,6.423683284266165,-1.6861478538933588,4.529477854461425,38,0.4678556979827358,0.8921845508305577,0.07176865931987833,26.582166266631802,28.48993270140606
1,both,5,64,none,0.0,,-9.643274665532871e-16,9.367506770274758e-17,-3.828355257328126e-17,29,0.38856733086925654,0.9146597437922632,0.00013679243130746316,26.582166266631802,26.57853002747877
1,both,5,64,ica_iclabel,13.6,,6.245181870972704,0.5745793855698713,8.350159435350015,29,0.233068257011396,0.9612376572988863,0.02681597469582431,26.582166266631802,27.294992964597995
1,both,5,64,asr,2.6,,-9.643274665532871e-16,9.367506770274758e-17,-3.828355257328126e-17,29,0.38856733086925654,0.9146597437922632,0.00013679243130746316,26.582166266631802,26.57853002747877
1,both,5,64,gedai,14.4,,5.689101661027736,-1.7110224603971844,6.618236827956525,29,0.2659673202651694,0.9606270860526697,0.10563575671258355,26.582166266631802,23.77413901799644
1,both,5,64,tcn_nobrain,0.0,,2.573147256971634,-5.932265456680716,2.2447390305574735,29,0.41980593375981745,0.9242964331267015,0.07187071480519036,26.582166266631802,28.492645557285048
2,eog,-5,8,none,0.0,,0.0,-1.6653345369377348e-16,-2.220446049250313e-16,6,1.7687005843820687,0.6866858860645673,0.001167571585029012,10.09036886559951,10.078587637629575
2,eog,-5,8,ica_iclabel,3.8,,18.33371556372596,14.116289852146979,17.804772408759742,6,0.22836702039658163,0.9391208312930748,0.0008226003773111827,10.09036886559951,10.082068524363459
2,eog,-5,8,asr,0.2,,20.421350019357174,17.10216278112587,20.19544332468652,6,0.1753021464553589,0.9632612945717897,0.0006520393170825518,10.09036886559951,10.096948182823747
2,eog,-5,8,gedai,1.0,,12.31639622145168,3.8016619648950543,10.309371865226389,6,0.4773253511945166,0.8816831092787685,0.5811840969374069,10.09036886559951,4.226006948680732
2,eog,-5,8,tcn_nobrain,0.0,,14.887165256771567,5.055854060469262,10.567187841545094,6,0.41779991571800756,0.9050686451716281,0.03978992957090127,10.09036886559951,10.49186393210613
2,eog,0,8,none,0.0,,0.0,-6.661338147750939e-16,-2.9605947323337506e-16,6,0.994613431003935,0.7844670395374385,0.0006228594844190759,10.09036886559951,10.084083983650284
2,eog,0,8,ica_iclabel,3.8,,13.35386256378969,9.13960076735735,12.83351928216318,6,0.22779879482746415,0.9393391999327647,0.0006051928283221579,10.09036886559951,10.084262246726924
2,eog,0,8,asr,0.2,,14.991902073304033,10.249263980732856,14.605434703151305,6,0.19017357735814483,0.9607582838779579,0.0016752030731741474,10.09036886559951,10.073465448666397
2,eog,0,8,gedai,0.9,,6.154220971562356,-1.961421964627296,4.772480573187706,6,0.5253810069081195,0.851181148790902,0.8195535105132443,10.09036886559951,1.820771639423888
2,eog,0,8,fly_brain_tcn,0.0,,9.646270119811607,0.05605182594138114,6.083927056530804,6,0.406758634764512,0.9137381959586799,0.004469098292357896,10.09036886559951,10.045274015332998
2,eog,0,8,tcn_nobrain,0.0,,10.54750157500048,0.5769586753782852,6.255472560266614,6,0.3860594775543149,0.9205089676781375,0.03933501476368674,10.09036886559951,10.487273673898912
2,eog,5,8,none,0.0,,0.0,1.1102230246251565e-16,-4.440892098500626e-16,2,0.559312234690269,0.8609349447950032,0.0003395787768422554,10.09036886559951,10.086942390482243
2,eog,5,8,ica_iclabel,3.8,,8.35594671396074,4.1566300643910115,8.617289477093053,2,0.22761673802070215,0.9393413295198765,0.0005452992918801578,10.09036886559951,10.084866594602289
2,eog,5,8,asr,0.2,,0.0,1.1102230246251565e-16,-4.440892098500626e-16,2,0.559312234690269,0.8609349447950032,0.0003395787768422554,10.09036886559951,10.086942390482243
2,eog,5,8,gedai,0.9,,1.288940472080478,-6.718021978467575,8.846381202267374,2,0.5060007180716263,0.8650100039296639,0.8155426231306632,10.09036886559951,1.8612429725925113
2,eog,5,8,tcn_nobrain,0.0,,5.741613748087293,-4.227829946152292,12.73447240974453,2,0.37639374755315047,0.9249459726604983,0.03915354113381674,10.09036886559951,10.485442538034144
2,emg,-5,8,none,0.0,,0.0,-4.440892098500626e-16,-5.921189464667501e-16,6,4.06846466370977,0.5439041371046149,0.00022169278629630696,10.09036886559951,10.092605827588082
2,emg,-5,8,ica_iclabel,7.8,,1.5494092428092738,2.283769278284814,3.0631762682418717,6,3.2049392499295406,0.588047487750353,0.00022155151253157375,10.09036886559951,10.092604402083685
2,emg,-5,8,asr,0.2,,21.04744864314334,18.07163525450872,20.873758298137556,6,0.364492221593418,0.8525625690096941,0.0004261446399832203,10.09036886559951,10.094668822207039
2,emg,-5,8,gedai,0.9,,14.624847543753754,3.518025218943068,13.38194058937986,6,0.6747899772465802,0.7294056740516731,0.9421882856062369,10.09036886559951,0.5833415229857588
2,emg,-5,8,tcn_nobrain,0.0,,16.481085589220214,5.330718393097013,12.271196739005473,6,0.6895840888737967,0.7695181276195546,0.010801137425861152,10.09036886559951,9.981381404804539
2,emg,0,8,none,0.0,,0.0,2.220446049250313e-16,0.0,4,2.287865807620042,0.6049892026723814,0.00016622426066754064,10.09036886559951,10.092046129704057
2,emg,0,8,ica_iclabel,7.6,,1.50755937604983,1.736698778858107,3.609347333860999,4,1.8406357077138158,0.648290460993582,0.00011971301669024613,10.09036886559951,10.091576814095928
2,emg,0,8,asr,0.2,,16.00938954633537,11.666038530648615,15.921908774773158,4,0.3687444372856653,0.8514232043546546,0.00047156732336437265,10.09036886559951,10.0856105773618
2,emg,0,8,gedai,1.0,,10.627503674902385,-0.3746973944279328,16.80374133789199,4,0.5945702583222191,0.8005705580943581,0.8673897171311299,10.09036886559951,1.3380866695183915
2,emg,0,8,tcn_nobrain,0.0,,14.778035008642263,2.433612976092609,16.113312658869965,4,0.4806030101437412,0.8634433858325983,0.01204875505815839,10.09036886559951,9.968792482691434
2,emg,5,8,none,0.0,,0.0,7.771561172376096e-16,6.661338147750939e-16,4,1.2865614936868939,0.6864163637780525,0.00010661527305714583,10.09036886559951,10.091444653031363
2,emg,5,8,ica_iclabel,8.2,,0.0,-1.3322676295501878e-14,-1.7763568394002505e-15,4,1.2865614936868943,0.6864163637780524,0.00010661527305679374,10.09036886559951,10.09144465303136
2,emg,5,8,asr,0.2,,10.861889586094302,4.7632819202021235,10.80661840403196,4,0.3807011771636747,0.8470286161364327,0.003831984291720395,10.09036886559951,10.051702730608868
2,emg,5,8,gedai,1.0,,4.647349243201905,-6.061262779864802,11.57594358453909,4,0.6430374909094322,0.7542358900458839,0.9486805311180846,10.09036886559951,0.5178323710051831
2,emg,5,8,tcn_nobrain,0.0,,11.801619537086168,-0.9886891326042944,14.118775690895614,4,0.37555437845518047,0.921432905525147,0.01344265653280447,10.09036886559951,9.954727502649952
2,both,-5,8,none,0.0,,0.0,-1.1102230246251565e-16,-1.4802973661668753e-16,6,3.2915702289724216,0.5412563063669393,0.0006061956407631717,10.09036886559951,10.084252127979491
2,both,-5,8,ica_iclabel,7.0,,2.253864610939855,3.0860770845031276,3.8635502322819235,6,2.299921116741573,0.5453498175275429,0.0005197834074015746,10.09036886559951,10.09561367191041
2,both,-5,8,asr,0.2,,18.072181421004924,10.826896303406194,13.763182173942546,6,0.4826436877476048,0.8105975994205119,0.00022572860837379851,10.09036886559951,10.09264655052152
2,both,-5,8,gedai,0.9,,12.443571034280998,4.271870077515642,12.965361596431434,6,0.6932996301402806,0.7093748957479526,0.9390676869912651,10.09036886559951,0.6148295140923036
2,both,-5,8,tcn_nobrain,0.0,,13.431302907755725,6.116425395713104,11.149775782313762,6,0.7489943113495057,0.7519632381653236,0.043249291547562234,10.09036886559951,10.526770170490268
2,both,0,8,none,0.0,,9.64327466553287e-16,0.0,0.0,6,1.8509859630319256,0.6246134186023317,0.0003030563734610855,10.09036886559951,10.087310915004217
2,both,0,8,ica_iclabel,7.9,,1.41559537968502,1.1104916945278724,1.355849080451666,6,1.581857264212713,0.6300072602912259,1.0820984588407991e-05,10.09036886559951,10.090259677873524
2,both,0,8,asr,0.2,,13.677287107198044,7.31444817623257,10.59989368065294,6,0.42701673714958,0.8364173291924357,0.0011082977075998089,10.09036886559951,10.07918573291693
2,both,0,8,gedai,1.0,,10.026873350116306,1.4379089053299308,9.889929378762131,6,0.5407157610586635,0.842507888408764,0.7912830124105928,10.09036886559951,2.106031393293873
2,both,0,8,tcn_nobrain,0.0,,12.34963182136821,3.6111591876991866,9.416764872449603,6,0.49722954853885615,0.8530776161452815,0.04200204228090363,10.09036886559951,10.514184965322334
2,both,5,8,none,0.0,,0.0,0.0,0.0,4,1.0408858987667209,0.7234868761341645,0.00015844561139403987,10.09036886559951,10.088770090935409
2,both,5,8,ica_iclabel,7.6,,1.273741347721281,0.808128960992625,1.4682275938711866,4,0.9100427296605045,0.7277841767779902,0.00011552817521732841,10.09036886559951,10.091534587501823
2,both,5,8,asr,0.3,,2.0879001168180817,0.35699825820614606,2.5666208432900155,4,0.804799078841876,0.7443342730847873,0.0007923430917709912,10.09036886559951,10.082373831535431
2,both,5,8,gedai,1.0,,5.399206191396981,-3.1485353244687055,10.712276319371577,4,0.5138684300290014,0.8608906992806273,0.6513859082808566,10.09036886559951,3.517644777192096
2,both,5,8,tcn_nobrain,0.0,,10.181838996381408,0.5419368258191604,11.79099015510306,4,0.36646390311931365,0.9206106601602979,0.04100939128386021,10.09036886559951,10.504168750607361
2,eog,-5,16,none,0.0,,0.0,8.326672684688674e-17,-4.4408920985006264e-17,10,1.3427760361505297,0.7269309330315941,0.001304152264219737,9.852307543932987,9.839458634741778
2,eog,-5,16,ica_iclabel,5.9,,20.50461199575187,16.27842131575042,20.837492959741287,10,0.1340881834557138,0.9793566067187651,0.0018022275807399255,9.852307543932987,9.870063644322595
2,eog,-5,16,asr,0.5,,23.44641126226588,18.391279524504192,23.669277450439505,10,0.100160968902296,0.9899497064884676,5.915363778934687e-05,9.852307543932987,9.85289034376483
2,eog,-5,16,gedai,1.8,,13.514922673014523,5.141324981811969,13.094796729523448,10,0.34733449877845235,0.9342784129755484,0.48479337878068957,9.852307543932987,5.075974080923237
2,eog,-5,16,tcn_nobrain,0.0,,13.060176049371936,3.5382751090887505,10.848983269406377,10,0.4017731972474642,0.9138217334596099,0.04216424445675048,9.852307543932987,10.267722647678465
2,eog,0,16,none,0.0,,-9.643274665532871e-16,-2.914335439641036e-16,-1.2335811384723962e-16,9,0.7550984558359816,0.8233428557985273,0.0006934104316212383,9.852307543932987,9.845475851106483
2,eog,0,16,ica_iclabel,5.8,,15.55658363868358,11.322473129126845,16.136927409824295,9,0.13322918222095048,0.9795605380539629,0.002082000414658936,9.852307543932987,9.872820052324803
2,eog,0,16,asr,0.5,,-9.643274665532871e-16,-2.914335439641036e-16,-1.2335811384723962e-16,9,0.7550984558359816,0.8233428557985273,0.0006934104316212383,9.852307543932987,9.845475851106483
2,eog,0,16,gedai,1.6,,7.914619222796059,-0.3557530812531424,8.136352706530905,9,0.37125531914348137,0.9261678558724471,0.43035022048455357,9.852307543932987,5.6123648201197955
2,eog,0,16,fly_brain_tcn,0.0,,7.821630475448721,-1.5265384073062782,7.332362415179339,9,0.39899915161820443,0.9174185101350951,0.0033761596908310223,9.852307543932987,9.81904458034149
2,eog,0,16,tcn_nobrain,0.0,,8.462836720369596,-1.1086827918800863,7.467506845270951,9,0.3818603219802998,0.9233136102338473,0.04193993443214393,9.852307543932987,10.265512676330854
2,eog,5,16,none,0.0,,0.0,2.7755575615628914e-17,-2.6645352591003756e-16,5,0.42462306625139,0.8987780907992178,0.0003772686236564037,9.852307543932987,9.848590577426048
2,eog,5,16,ica_iclabel,5.7,,10.58307695879799,6.355909182223125,11.855972040348863,5,0.13267527510603566,0.9796737257782002,0.0023241322586977247,9.852307543932987,9.875205609718453
2,eog,5,16,asr,0.5,,0.0,2.7755575615628914e-17,-2.6645352591003756e-16,5,0.42462306625139,0.8987780907992178,0.0003772686236564037,9.852307543932987,9.848590577426048
2,eog,5,16,gedai,1.7,,4.153626226481918,-4.136264515706046,7.278165527395762,5,0.3305707028993594,0.9431050942619317,0.11802116255310394,9.852307543932987,8.6895267537673
2,eog,5,16,tcn_nobrain,0.0,,3.5698442568954594,-5.992511794758828,8.103967391930658,5,0.3762612310257164,0.9258722300769459,0.04192438392627547,9.852307543932987,10.265359467964574
2,emg,-5,16,none,0.0,,0.0,-3.3306690738754696e-16,-5.921189464667501e-16,9,2.1576716569501455,0.7478790979324483,0.00036106657086280945,9.852307543932987,9.855864882832961
2,emg,-5,16,ica_iclabel,12.4,,6.883104715475894,14.156963197808757,14.061505705045342,9,0.6088958373796177,0.8985492756105257,0.00039680614302619303,9.852307543932987,9.856217000089403
2,emg,-5,16,asr,0.5,,23.667807511197697,17.544579196737423,23.185806256458072,9,0.14556598333621884,0.9640191944140777,0.00031457052423793796,9.852307543932987,9.855406789482036
2,emg,-5,16,gedai,2.1,,15.929529077038744,-1.5996686444012855,11.148978864140872,9,0.45444073301668253,0.8887499189815979,0.6045730031929692,9.852307543932987,3.895868383716674
2,emg,-5,16,tcn_nobrain,0.0,,15.846845705352644,-0.3110081232130453,9.903849918373956,9,0.4753915429643457,0.8710586444851034,0.0010211804693925847,9.852307543932987,9.8623685279753
2,emg,0,16,none,0.0,,0.0,2.220446049250313e-16,0.0,6,1.2133479374743485,0.7936428352491999,0.00024279681544082094,9.852307543932987,9.854699652829398
2,emg,0,16,ica_iclabel,14.5,,18.790855109658505,14.601843827186201,18.74449383386405,6,0.1404648790463939,0.9648920099819529,0.00045121713215378326,9.852307543932987,9.856753073888058
2,emg,0,16,asr,0.5,,18.552410443457042,9.774318691229528,17.862838480270923,6,0.1542258966043317,0.9634670273195577,0.00031882056385980166,9.852307543932987,9.84916642568651
2,emg,0,16,gedai,2.2,,10.191914040606491,-7.246808197874419,10.974940287723973,6,0.47970012549054364,0.8755029948812924,0.7540944625816928,9.852307543932987,2.422736981401284
2,emg,0,16,tcn_nobrain,0.0,,13.58620578671436,-4.076253174577841,11.560349159572931,6,0.365255568018425,0.9196892132896258,0.0004762403032510896,9.852307543932987,9.847615478000542
2,emg,5,16,none,0.0,,0.0,2.7755575615628914e-16,6.661338147750939e-16,4,0.6823156888763566,0.8402473487394554,0.00014910214615056636,9.852307543932987,9.853776544132323
2,emg,5,16,ica_iclabel,13.8,,13.799445932584778,9.293184086687498,13.958307699145223,4,0.14066619688882098,0.964963007172848,0.00048654682833100586,9.852307543932987,9.85710115292023
2,emg,5,16,asr,0.5,,7.080330814950439,0.22596707288618578,10.616864361465574,4,0.28041129498512507,0.9357021848909357,0.0031606169110052667,9.852307543932987,9.821168174097208
2,emg,5,16,gedai,2.1,,6.941441978392931,-10.568111613065875,13.144331463737611,4,0.39766475021172626,0.916913896758643,0.5670905718453175,9.852307543932987,4.265156824848094
2,emg,5,16,tcn_nobrain,0.0,,10.091527359555625,-8.168122504118312,14.118775690895614,4,0.30927695012548817,0.9496011996441501,0.001974085896374194,9.852307543932987,9.832858242563768
2,both,-5,16,none,0.0,,0.0,-5.551115123125783e-17,-8.881784197001253e-17,10,1.9834408592943236,0.680363453666806,0.0006007596795919469,9.852307543932987,9.846388674809653
2,both,-5,16,ica_iclabel,13.9,,3.8370550437217026,8.321405881078533,8.856590979346024,10,1.001480508194233,0.822249297174146,0.0004173268995984399,9.852307543932987,9.848195910971787
2,both,-5,16,asr,0.5,,15.012303595527499,7.518425043622386,10.470149624267723,10,0.4248091575368547,0.878276200122279,0.00018857857654923054,9.852307543932987,9.850449609800627
2,both,-5,16,gedai,2.1,,13.304679418714153,2.4993602349924116,11.812618355821199,10,0.5114541433367905,0.8619082037730704,0.6173092306777249,9.852307543932987,3.770387153587369
2,both,-5,16,tcn_nobrain,0.0,,12.7056056094197,3.5650734086442855,9.309633012156349,10,0.5546762770660028,0.8378594778960649,0.0405804851161125,9.852307543932987,10.252118963578923
2,both,0,16,none,0.0,,0.0,-1.8041124150158794e-16,7.401486830834377e-17,9,1.115370760545555,0.7656052085591307,0.00029769965185302827,9.852307543932987,9.84937451540721
2,both,0,16,ica_iclabel,17.4,,5.364136204570023,6.339037046505582,7.689984773739145,9,0.49803088494638437,0.8872693738938352,0.00021635602559210636,9.852307543932987,9.854439150036104
2,both,0,16,asr,0.5,,2.984338177512541,1.7858146673904698,3.017755298756149,9,0.7382141606406643,0.8073020512429158,0.00034975667841054915,9.852307543932987,9.848861633571742
2,both,0,16,gedai,2.0,,9.0048968639508,-1.8157554881251685,8.883510193978033,9,0.4655328705667419,0.884633404586345,0.604516553002165,9.852307543932987,3.8964245483573907
2,both,0,16,tcn_nobrain,0.0,,11.209695080489276,0.5610764239475832,8.490058218290848,9,0.3923569283258356,0.9054668766524584,0.03923340055273001,9.852307543932987,10.238847072172794
2,both,5,16,none,0.0,,0.0,5.551115123125783e-17,1.2688263138573217e-16,7,0.6272190712903625,0.8427755877918122,0.00015470582878132681,9.852307543932987,9.850783334528995
2,both,5,16,ica_iclabel,10.2,,3.5894199999710557,1.8986020076421777,3.4503695571690236,7,0.4174376435854673,0.8866165779073657,0.0007769994471480494,9.852307543932987,9.859962781447756
2,both,5,16,asr,0.5,,1.953577898002157,-1.1577207587902454,1.7039029173208995,7,0.5084610494303556,0.8614323801481812,0.001267860427942634,9.852307543932987,9.839816193074114
2,both,5,16,gedai,1.9,,5.420613234527504,-5.282919439924826,7.031734912410243,7,0.4035471039059144,0.9171488148155481,0.39252833340874255,9.852307543932987,5.98499768348259
2,both,5,16,tcn_nobrain,0.0,,8.55136309957085,-2.9798823547253046,8.405861340568952,7,0.3081181007112243,0.9466835166999861,0.03826702307960996,9.852307543932987,10.229326024104086
2,eog,-5,32,none,0.0,,0.0,4.163336342344337e-17,-2.114710523095536e-17,21,1.249839130222672,0.7308640549901385,0.0013041522642195569,9.852307543932985,9.839458634741778
2,eog,-5,32,ica_iclabel,8.6,,23.383155163394758,19.75738124655022,23.32466223596114,21,0.09399400526069565,0.9914924711874009,0.002921570126684417,9.852307543932985,9.823523336533723
2,eog,-5,32,asr,1.0,,26.90254181021384,21.450554906860837,26.74687609033046,21,0.06569802049735576,0.9966383616788965,0.00044949660428548777,9.852307543932985,9.847878965147611
2,eog,-5,32,gedai,4.8,,12.03508209318085,4.829518980955264,11.465357489579155,21,0.375612755116375,0.92077344648523,0.6364322526607974,9.852307543932985,3.5819812598407466
2,eog,-5,32,tcn_nobrain,0.0,,12.328053865771235,3.962817014423365,9.851976566453558,21,0.4053883789750819,0.9114326176041848,0.04216424445675085,9.852307543932985,10.267722647678466
2,eog,0,32,none,0.0,,0.0,-1.9992688060632702e-16,-1.6734979415305668e-16,17,0.7028361928792507,0.8324379568402416,0.0006934104316210581,9.852307543932985,9.845475851106483
2,eog,0,32,ica_iclabel,8.4,,18.52135303385446,14.31142673698315,18.71074886047589,17,0.09427457429351732,0.9918615434049842,0.003517243322068905,9.852307543932985,9.817654581017118
2,eog,0,32,asr,1.0,,0.0,-1.9992688060632702e-16,-1.6734979415305668e-16,17,0.7028361928792507,0.8324379568402416,0.0006934104316210581,9.852307543932985,9.845475851106483
2,eog,0,32,gedai,4.6,,6.2352450075521375,-0.992128477348537,7.524277124229802,17,0.40939621194224507,0.906416551302313,0.6998372954012073,9.852307543932985,2.9572952789260127
2,eog,0,32,fly_brain_tcn,0.0,,7.174439300525638,-1.1314639643866713,7.527907932537371,17,0.4048563236954306,0.913790512436685,0.0033761596908308423,9.852307543932985,9.81904458034149
2,eog,0,32,tcn_nobrain,0.0,,7.649730226961148,-0.7368871018966455,7.676727607525257,17,0.38913310550102886,0.919053294403864,0.041939934432143756,9.852307543932985,10.26551267633085
2,eog,5,32,none,0.0,,0.0,9.71445146547012e-17,-1.708035422500241e-16,13,0.395233836082531,0.9084406002426388,0.00037726862365622345,9.852307543932985,9.848590577426048
2,eog,5,32,ica_iclabel,8.5,,13.648223442760823,9.445557461746615,14.003119682579298,13,0.09282287047325052,0.9920889975515826,0.00331961466050317,9.852307543932985,9.81960167937036
2,eog,5,32,asr,1.0,,0.0,9.71445146547012e-17,-1.708035422500241e-16,13,0.395233836082531,0.9084406002426388,0.00037726862365622345,9.852307543932985,9.848590577426048
2,eog,5,32,gedai,5.4,,2.0851712545734364,-5.035258840247343,4.709508018763561,13,0.36963576155535693,0.9236383757954343,0.6442203529693695,9.852307543932985,3.505250500417696
2,eog,5,32,tcn_nobrain,0.0,,2.7196606667627203,-5.65730389099091,4.968621588765607,13,0.38539688116927695,0.9207387541545604,0.041924383926275656,9.852307543932985,10.265359467964574
2,emg,-5,32,none,0.0,,0.0,-1.249000902703301e-16,-2.1035804677108228e-16,19,1.4592076207844848,0.7729841148173656,0.0003610665708631701,9.852307543932985,9.855864882832963
2,emg,-5,32,ica_iclabel,21.9,,2.8436195817182957,10.035144709616082,10.557719047573073,19,0.7636407289829051,0.8742307341592958,0.0003021483003374518,9.852307543932985,9.855284401911787
2,emg,-5,32,asr,1.1,,25.703846840750355,19.682598219897514,25.84310247047612,19,0.07846074853400956,0.9887884839376638,0.00013234473307618838,9.852307543932985,9.8510036429209
2,emg,-5,32,gedai,5.3,,15.19874733539236,0.8347748039903202,11.405261269668628,19,0.3633559598986955,0.9255679932681511,0.5755663814507429,9.852307543932985,4.181650541931621
2,emg,-5,32,tcn_nobrain,0.0,,14.788619058190214,0.8852342685890842,9.410184333481903,19,0.40297598242861543,0.9088533263708003,0.0010211804693927653,9.852307543932985,9.8623685279753
2,emg,0,32,none,0.0,,9.64327466553287e-16,9.71445146547012e-17,-2.960594732333751e-17,15,0.8205727462969536,0.8454922460888336,0.00024279681544118158,9.852307543932985,9.8546996528294
2,emg,0,32,ica_iclabel,21.9,,2.801807375145322,7.075527415432322,8.372104023837231,15,0.45337405794248564,0.9094407808134203,0.0002247247804171669,9.852307543932985,9.854521601582398
2,emg,0,32,asr,1.1,,20.333461263530346,11.435985600190113,19.928127863532826,15,0.09087588833714627,0.9882394364774166,0.0008114740903390188,9.852307543932985,9.844312651631032
2,emg,0,32,gedai,6.1,,10.520249545393304,-3.8295146772003994,9.00309893994984,15,0.3496181004653679,0.9317231625583344,0.5473777588898433,9.852307543932985,4.459373520641452
2,emg,0,32,tcn_nobrain,0.0,,11.88043448800659,-3.1690318284413097,7.804415828943968,15,0.3344235609656317,0.9394552867355267,0.00047624030325145027,9.852307543932985,9.847615478000536
2,emg,5,32,none,0.0,,0.0,1.3877787807814457e-16,3.3306690738754696e-16,8,0.46144196659996306,0.8985855006665194,0.0001491021461503861,9.852307543932985,9.85377654413232
2,emg,5,32,ica_iclabel,20.3,,13.650887111213933,6.737144182646473,14.209738538322306,8,0.11218053741804479,0.9825279540493947,0.00039877080368982146,9.852307543932985,9.856236356530479
2,emg,5,32,asr,1.0,,0.830106974428646,-2.180339779574779,0.8767623811521408,8,0.4309137829586084,0.9036258610713088,0.0011193645228634622,9.852307543932985,9.841279220399967
2,emg,5,32,gedai,5.5,,4.955961575369444,-9.42991788381312,8.914425830910876,8,0.36932451744760786,0.9252123404738581,0.6816379256918557,9.852307543932985,3.1366010664082844
2,emg,5,32,tcn_nobrain,0.0,,7.937042106716338,-7.52216308859852,8.868181530770324,8,0.29932102331181143,0.9572837105600249,0.0019740858963741945,9.852307543932985,9.832858242563766
2,both,-5,32,none,0.0,,0.0,5.551115123125783e-17,8.074349270001139e-17,22,1.5019166513151077,0.7145670079516322,0.0006007596795917667,9.852307543932985,9.846388674809653
2,both,-5,32,ica_iclabel,18.0,,19.686750435981327,14.44824067199161,17.187885524507013,22,0.18666139629726972,0.967071708704065,0.004711967282352823,9.852307543932985,9.898731294735676
2,both,-5,32,asr,1.0,,13.873845487170925,8.654338369159008,11.333826192612058,22,0.3653927090252018,0.9106410371463121,0.0005578380685605077,9.852307543932985,9.846811551721814
2,both,-5,32,gedai,5.5,,13.196553469694013,4.428279805537667,11.162807245869125,22,0.4062649038583886,0.9069082964275004,0.5846552153282197,9.852307543932985,4.092104555355002
2,both,-5,32,tcn_nobrain,0.0,,11.632322717387215,4.009344337072759,8.170616055139172,22,0.49806140406869504,0.8628627209812363,0.04058048511611251,9.852307543932985,10.252118963578921
2,both,0,32,none,0.0,,0.0,6.938893903907228e-18,1.9867148861713328e-16,19,0.8445897997593802,0.8133702414814383,0.0002976996518530283,9.852307543932985,9.849374515407208
2,both,0,32,ica_iclabel,15.1,,13.717038961655572,7.073541770864726,10.753491542691194,19,0.21812705587491651,0.9594959283165448,0.001952423719199171,9.852307543932985,9.871543422870605
2,both,0,32,asr,1.0,,1.8157909146172257,1.1089633812138848,1.496390315945041,19,0.6873376885240952,0.8350911920271955,0.0006314772390353309,9.852307543932985,9.846086035967016
2,both,0,32,gedai,5.0,,8.295600203998706,-0.417752565856788,7.710623213943155,19,0.3991500528446916,0.9111320185773433,0.5903648861251186,9.852307543932985,4.035851122689341
2,both,0,32,tcn_nobrain,0.0,,9.77933729034001,0.8409171300400868,6.701190009332291,19,0.36826122722255056,0.9199580108089294,0.039233400552730016,9.852307543932985,10.238847072172792
2,both,5,32,none,0.0,,9.64327466553287e-16,6.938893903907228e-17,3.416070845000482e-17,13,0.4749477470650937,0.8883789696595379,0.00015470582878078596,9.852307543932985,9.850783334528998
2,both,5,32,ica_iclabel,15.7,,8.86905457362533,2.217047344085956,7.588961026511881,13,0.21374017103697393,0.9607312590408821,0.003533644256322235,9.852307543932985,9.887122093897124
2,both,5,32,asr,1.0,,9.64327466553287e-16,6.938893903907228e-17,3.416070845000482e-17,13,0.4749477470650937,0.8883789696595379,0.00015470582878078596,9.852307543932985,9.850783334528998
2,both,5,32,gedai,5.1,,3.896048488697437,-4.825015029924674,5.513133178203333,13,0.36964624981899996,0.9240294538319105,0.5358953943730208,9.852307543932985,4.572501307192731
2,both,5,32,tcn_nobrain,0.0,,6.780439437961326,-2.860579314829154,5.953940775292005,13,0.3005650923066937,0.9525886612424803,0.03826702307961015,9.852307543932985,10.229326024104086
2,eog,-5,64,none,0.0,,9.64327466553287e-16,1.9081958235744878e-17,-1.2616170734376778e-17,44,1.2372829454905636,0.7382007084441224,0.0013041522642195569,9.852307543932985,9.839458634741778
2,eog,-5,64,ica_iclabel,8.9,,24.171362481560447,18.7291151007085,22.775594100895617,44,0.09583690297503306,0.9925149460117082,0.0027222307297450053,9.852307543932985,9.825487289577993
2,eog,-5,64,asr,2.2,,33.37665613752188,26.554861511404184,32.62942868561435,44,0.03396887400506791,0.999291356911722,0.0005157057550325863,9.852307543932985,9.847226652232228
2,eog,-5,64,gedai,12.4,,14.532470658078616,6.643798573328806,12.474405662178077,44,0.30506893545040004,0.9485400495656261,0.4703809602055129,9.852307543932985,5.2179696611777695
2,eog,-5,64,tcn_nobrain,0.0,,12.777758635750871,3.866161744965638,8.831261601976435,44,0.4143496088292852,0.9074280819265961,0.04216424445675085,9.852307543932985,10.267722647678466
2,eog,0,64,none,0.0,,-9.643274665532871e-16,-7.741203511546502e-17,-9.630343660574275e-17,33,0.6957753312873302,0.8401640097317027,0.0006934104316210581,9.852307543932985,9.845475851106483
2,eog,0,64,ica_iclabel,8.8,,19.668703804896637,14.422901012044449,20.069644416196265,33,0.08952846828181418,0.9933544917263513,0.002598384782440956,9.852307543932985,9.826707457938902
2,eog,0,64,asr,2.3,,-9.643274665532871e-16,-7.741203511546502e-17,-9.630343660574275e-17,33,0.6957753312873302,0.8401640097317027,0.0006934104316210581,9.852307543932985,9.845475851106483
2,eog,0,64,gedai,11.2,,9.258688710045499,1.2842757507161402,9.39433476475983,33,0.3163152432584039,0.9452607977068028,0.4936842326113404,9.852307543932985,4.988378654655509
2,eog,0,64,fly_brain_tcn,0.0,,7.721018534774783,-1.240694141543532,7.145318913477207,33,0.41355142402302714,0.9098372256479049,0.0033761596908308423,9.852307543932985,9.81904458034149
2,eog,0,64,tcn_nobrain,0.0,,8.124427653482705,-0.8803845746151003,7.250069003208556,33,0.3991364530361295,0.9145673778438992,0.041939934432143756,9.852307543932985,10.26551267633085
2,eog,5,64,none,0.0,,0.0,4.163336342344337e-17,-1.0658141036401502e-16,25,0.3912632218269865,0.9137438107466125,0.00037726862365622345,9.852307543932985,9.848590577426048
2,eog,5,64,ica_iclabel,10.4,,14.812813471526962,9.757321602006593,16.94035637027348,25,0.08727818819218197,0.9935939728316564,0.0024681326077577643,9.852307543932985,9.827990742422147
2,eog,5,64,asr,2.4,,0.0,4.163336342344337e-17,-1.0658141036401502e-16,25,0.3912632218269865,0.9137438107466125,0.00037726862365622345,9.852307543932985,9.848590577426048
2,eog,5,64,gedai,12.1,,3.2785984094080773,-4.646161922216678,5.139833390690418,25,0.3515357286901346,0.932339118490467,0.6115533539578816,9.852307543932985,3.82709582121623
2,eog,5,64,tcn_nobrain,0.0,,3.1990596295511997,-5.81226111734905,4.606966887173514,25,0.3955531971935632,0.9162359180668544,0.041924383926275656,9.852307543932985,10.265359467964574
2,emg,-5,64,none,0.0,,-4.821637332766436e-16,-1.214306433183765e-16,-2.0451476769410778e-16,38,1.168166048901702,0.7751836340018466,0.0003610665708631701,9.852307543932985,9.855864882832963
2,emg,-5,64,ica_iclabel,18.4,,26.855951608420806,23.871167918648013,28.212889219669783,38,0.05116193976202169,0.9949036555188681,0.00012755187638823626,9.852307543932985,9.851050863619003
2,emg,-5,64,asr,2.7,,31.778965311331852,21.32897478194851,29.200953641215303,38,0.04029031669995388,0.9986149017508168,0.0001697148436689575,9.852307543932985,9.850635461098388
2,emg,-5,64,gedai,13.2,,13.814658477730678,1.636088647025398,11.599633379077963,38,0.3329328054884265,0.9385370650637552,0.5656219337307207,9.852307543932985,4.2796262992238425
2,emg,-5,64,tcn_nobrain,0.0,,13.473255800056716,1.2050929676367519,9.253424539400152,38,0.3744399858826782,0.9233171928868069,0.0010211804693927653,9.852307543932985,9.8623685279753
2,emg,0,64,none,0.0,,0.0,-2.0383000842727483e-17,-4.498317427360548e-17,29,0.6569080436826518,0.8592040690701371,0.00024279681544118158,9.852307543932985,9.8546996528294
2,emg,0,64,ica_iclabel,22.2,,21.78834029612057,18.558213042294916,22.944671461488777,29,0.05210000136624271,0.9948065070479044,3.832839019095827e-05,9.852307543932985,9.85192992084516
2,emg,0,64,asr,2.5,,7.929661647135951,8.377298350404857,16.276586901989045,29,0.20083339122618787,0.9648010024455587,0.0007621481305122974,9.852307543932985,9.844798626157145
2,emg,0,64,gedai,13.8,,8.526544781589346,-3.7638746412004593,9.125402768450483,29,0.34523476670801145,0.9349435729920446,0.5985341956308446,9.852307543932985,3.9553645730173534
2,emg,0,64,tcn_nobrain,0.0,,10.032476571970223,-2.9685657052232144,7.578650441222215,29,0.32421416119016866,0.9470455301083968,0.00047624030325145027,9.852307543932985,9.847615478000536
2,emg,5,64,none,0.0,,9.64327466553287e-16,2.0816681711721685e-17,1.554312234475219e-16,20,0.3694065402761846,0.9200898616641164,0.0001491021461503861,9.852307543932985,9.85377654413232
2,emg,5,64,ica_iclabel,21.5,,16.364178104241862,12.572022152684742,17.61289751035047,20,0.05650490300126732,0.9942109985801204,0.00012696161370334176,9.852307543932985,9.853558408797465
2,emg,5,64,asr,2.4,,9.64327466553287e-16,2.0816681711721685e-17,1.554312234475219e-16,20,0.3694065402761846,0.9200898616641164,0.0001491021461503861,9.852307543932985,9.85377654413232
2,emg,5,64,gedai,12.9,,4.095731570032042,-8.04768533640936,7.692817396349835,20,0.3194454334857149,0.9440617357395764,0.5579688844031304,9.852307543932985,4.355026494848152
2,emg,5,64,tcn_nobrain,0.0,,5.795976129664018,-7.434126531967691,5.996946445732629,20,0.2983589100384913,0.9597648814725795,0.0019740858963741945,9.852307543932985,9.832858242563766
2,both,-5,64,none,0.0,,9.64327466553287e-16,-3.122502256758253e-17,3.532527805625498e-17,44,1.3341937186426653,0.7185002759501739,0.0006007596795917667,9.852307543932985,9.846388674809653
2,both,-5,64,ica_iclabel,19.0,,22.05886861801064,20.40401854007431,23.11950583762609,44,0.09715939154882347,0.9871807354824887,0.001264167471942947,9.852307543932985,9.839852577212367
2,both,-5,64,asr,2.5,,10.95455243605046,14.772078501905336,18.7596889101999,44,0.23918108180353975,0.9597586950711827,0.0005765273417681104,9.852307543932985,9.8466274192544
2,both,-5,64,gedai,13.0,,13.705038292398461,6.032445441679678,12.246399101872225,44,0.34185807730564544,0.9345122137367703,0.4962928632286515,9.852307543932985,4.962677623545241
2,both,-5,64,tcn_nobrain,0.0,,10.529903694741252,4.202388983846418,8.041716810615219,44,0.4845359315438763,0.8722867009598801,0.04058048511611251,9.852307543932985,10.252118963578921
2,both,0,64,none,0.0,,9.64327466553287e-16,-5.0306980803327406e-17,5.551115123125783e-17,38,0.750272263661441,0.8270821729503446,0.0002976996518530283,9.852307543932985,9.849374515407208
2,both,0,64,ica_iclabel,16.1,,17.07667037991563,15.362150260741014,18.75569982644089,38,0.0970039172720095,0.9871284001022784,0.0010464383997229579,9.852307543932985,9.841997710993134
2,both,0,64,asr,2.5,,1.3043253939649575,1.0199231104376985,1.5625254140446323,38,0.6330915507338801,0.8521529803512405,0.0007695741175232786,9.852307543932985,9.844725463049295
2,both,0,64,gedai,12.9,,8.44528345238775,0.7381025169652702,8.531130849652754,38,0.3497630833686442,0.9320623931397578,0.5524379578008992,9.852307543932985,4.409518884736254
2,both,0,64,tcn_nobrain,0.0,,8.636269836562175,0.9516168849295961,6.473738500772668,38,0.3650328126235618,0.9239983968856658,0.039233400552730016,9.852307543932985,10.238847072172792
2,both,5,64,none,0.0,,0.0,-4.7488055154865094e-17,-2.3542675745399526e-16,28,0.4219090988684423,0.9052402966020017,0.00015470582878078596,9.852307543932985,9.850783334528998
2,both,5,64,ica_iclabel,13.5,,14.656657504636105,12.737591592225705,16.035598395425552,28,0.07764928856552694,0.9914325577994836,0.00024679661342984595,9.852307543932985,9.854739060069297
2,both,5,64,asr,2.4,,0.0,-4.7488055154865094e-17,-2.3542675745399526e-16,28,0.4219090988684423,0.9052402966020017,0.00015470582878078596,9.852307543932985,9.850783334528998
2,both,5,64,gedai,14.2,,3.5021837252382406,-4.2854126976565805,5.377600856343956,28,0.3470557675346449,0.9339454200605526,0.5558203179475287,9.852307543932985,4.376194832347317
2,both,5,64,tcn_nobrain,0.0,,5.588333566844908,-2.8483843808358014,4.743565889995877,28,0.3029407642528233,0.9530070053864306,0.03826702307961015,9.852307543932985,10.229326024104086
3,eog,-5,8,none,0.0,,0.0,5.551115123125783e-17,8.881784197001253e-17,5,1.8779096098486705,0.7263459756982885,0.0007849714076449399,37.82164583583349,37.79195692526229
3,eog,-5,8,ica_iclabel,3.9,,20.08859927336365,19.80783862823489,19.997811616645823,5,0.18661287211739808,0.9453596890748602,0.0011246416376834443,37.82164583583349,37.7791100381208
3,eog,-5,8,asr,0.2,,19.51141539668789,16.552548500400768,19.273580501623748,5,0.20677931340869107,0.9365846647544466,0.0008592834024327662,37.82164583583349,37.78914632331407
3,eog,-5,8,gedai,0.8,,9.496123910280081,1.6546913716369769,8.58006198367723,5,0.6139917880033072,0.8214004164754857,0.34907269792862927,37.82164583583349,24.61914188381799
3,eog,-5,8,tcn_nobrain,0.0,,8.734974821141927,0.9409421189286333,7.91760319961818,5,0.6154245098945829,0.7767395538333419,0.08905724123618826,37.82164583583349,41.18993727298499
3,eog,0,8,none,0.0,,-4.821637332766436e-16,-2.220446049250313e-16,-3.552713678800501e-16,5,1.0560261782422278,0.7971866517423569,0.00017117971160628522,37.82164583583349,37.81517153740684
3,eog,0,8,ica_iclabel,3.9,,15.109668594128603,14.895304473907075,14.989264451963999,5,0.1861525495540227,0.9455666437880375,0.001174864155161906,37.82164583583349,37.777210539851744
3,eog,0,8,asr,0.2,,-4.821637332766436e-16,-2.220446049250313e-16,-3.552713678800501e-16,5,1.0560261782422278,0.7971866517423569,0.00017117971160628522,37.82164583583349,37.81517153740684
3,eog,0,8,gedai,0.9,,4.893480079148772,-2.2066949003591865,4.6761591624528,5,0.5160051572731648,0.8560560352616783,0.21878514087753667,37.82164583583349,29.546831723420365
3,eog,0,8,tcn_nobrain,0.0,,3.9081302090224925,-3.600525477492728,3.6399922466994497,5,0.577955211191371,0.8003793004398396,0.09022811606849838,37.82164583583349,41.23422168621072
3,eog,5,8,none,0.0,,0.0,-2.220446049250313e-16,0.0,2,0.5938471605048851,0.8575766490819889,1.0705089413932738e-05,37.82164583583349,37.82124095173304
3,eog,5,8,ica_iclabel,3.8,,10.110004376959958,9.963960968909273,10.127657127179289,2,0.18618688330200656,0.9455870484912992,0.001184215405232912,37.82164583583349,37.776856860183436
3,eog,5,8,asr,0.2,,0.0,-2.220446049250313e-16,0.0,2,0.5938471605048851,0.8575766490819889,1.0705089413932738e-05,37.82164583583349,37.82124095173304
3,eog,5,8,gedai,1.0,,0.6494508228531827,-8.463819453939454,4.6411718636554244,2,0.6149659116631802,0.8335666943774762,0.3113212650154101,37.82164583583349,26.046963209256994
3,eog,5,8,tcn_nobrain,0.0,,-1.0504536333643437,-8.446612851733585,10.709050375702898,2,0.5672243396551241,0.8085199563266872,0.09072598782818087,37.82164583583349,41.25305201557709
3,emg,-5,8,none,0.0,,0.0,6.661338147750939e-16,3.552713678800501e-16,5,3.8479881008059253,0.5583215704450262,0.00018933173392801525,37.82164583583349,37.814484998047384
3,emg,-5,8,ica_iclabel,5.9,,2.105656530859106,7.353656067536509,6.250994749540881,5,2.502059108296671,0.6295187700133749,0.0005734895102803938,37.82164583583349,37.7999555186851
3,emg,-5,8,asr,0.2,,18.932976266628746,16.015147003623994,18.629543067617046,5,0.4361982549908572,0.7562706781158837,0.0008872716136683962,37.82164583583349,37.85520390856585
3,emg,-5,8,gedai,0.9,,15.76998284930494,4.209816881529189,16.279788001554117,5,0.58154079219892,0.8198340515367059,0.5402437373382901,37.82164583583349,17.38873853719763
3,emg,-5,8,tcn_nobrain,0.0,,13.63380025618072,2.6840516650689534,11.889192003020536,5,0.8302202479406644,0.7072256212840712,0.11465989124336834,37.82164583583349,42.15827163401536
3,emg,0,8,none,0.0,,9.64327466553287e-16,4.440892098500626e-16,8.881784197001252e-16,4,2.1638827262265616,0.6154972651562043,2.4648189853946463e-05,37.82164583583349,37.82071360072634
3,emg,0,8,ica_iclabel,6.0,,5.633152507183344,7.699176301444464,10.794664209239032,4,0.8671807599329828,0.7488040486244397,0.00010484712805808564,37.82164583583349,37.817680344889176
3,emg,0,8,asr,0.2,,13.830242775837123,9.548570427153322,13.802629959824243,4,0.4453236148396599,0.7505785845653166,0.0021303888045319957,37.82164583583349,37.90222064669113
3,emg,0,8,gedai,1.0,,13.075812621280727,1.1376245001930112,16.688856104444262,4,0.4788906208689371,0.880648043101448,0.2219319150768845,37.82164583583349,29.42781554412729
3,emg,0,8,tcn_nobrain,0.0,,10.697509788559723,-0.4173735549090365,14.408855968161692,4,0.6064414526834853,0.8039939498352001,0.11665584244502807,37.82164583583349,42.23376179347014
3,emg,5,8,none,0.0,,-4.821637332766436e-16,-1.1102230246251565e-16,-2.220446049250313e-16,4,1.2168406797406988,0.6975202360285012,1.2016457455227639e-05,37.82164583583349,37.822100318031566
3,emg,5,8,ica_iclabel,6.2,,3.8302701061111755,3.6126592119423107,5.067483526900864,4,0.7522902365913187,0.742505386767082,0.0005346285663609267,37.82164583583349,37.841866368124116
3,emg,5,8,asr,0.2,,6.544937116563693,2.7272645901327612,6.700508186249735,4,0.5912753485047941,0.7151347648525395,0.002842711343291092,37.82164583583349,37.929161857472955
3,emg,5,8,gedai,0.9,,5.772311953246321,-3.3368971384984696,13.47693910425303,4,0.45253410173256087,0.884209941850582,0.2051183168011035,37.82164583583349,30.06373350333986
3,emg,5,8,tcn_nobrain,0.0,,6.658687828832052,-4.079808935476681,12.03013544039018,4,0.49747021514479517,0.8736273976642985,0.11679637978316058,37.82164583583349,42.239077146899696
3,both,-5,8,none,0.0,,0.0,-2.220446049250313e-16,0.0,5,3.1999768509009234,0.5665998568759472,0.00039262428417061125,37.82164583583349,37.806796139211045
3,both,-5,8,ica_iclabel,5.4,,3.6743061521002396,6.131422695843749,8.186191557223646,5,1.575871531635783,0.6897347057403479,0.0015437057834049152,37.82164583583349,37.763260342418825
3,both,-5,8,asr,0.2,,16.5685614927046,10.3250727630342,14.648235793273296,5,0.4995492276866371,0.741142224586461,0.0001721828534413665,37.82164583583349,37.828158074735356
3,both,-5,8,gedai,1.1,,12.204116543025748,4.061429630106476,13.764966652897261,5,0.6979499085987405,0.7692269071752821,0.2519986128815611,37.82164583583349,28.29064354830578
3,both,-5,8,tcn_nobrain,0.0,,11.439914546133013,3.555231486132942,10.633632682204373,5,0.8892440340652511,0.7075437728505596,0.05748504380254331,37.82164583583349,39.99582480339066
3,both,0,8,none,0.0,,0.0,0.0,0.0,5,1.7994792235907426,0.6388083156326907,4.501245653008998e-05,37.82164583583349,37.81994339064441
3,both,0,8,ica_iclabel,5.1,,3.5531568392992483,4.948505454916834,6.455400444415988,5,0.9587677140577371,0.7461880121332723,0.0011775337768527136,37.82164583583349,37.77710957036564
3,both,0,8,asr,0.3,,11.679122419144436,6.390032729124016,10.476796321547038,5,0.48142928256588186,0.7412468226458926,0.002276781946168737,37.82164583583349,37.90775747624691
3,both,0,8,gedai,1.0,,7.504423344121962,0.8530631387596372,11.264832579383116,5,0.5521557469573029,0.8236720373620712,0.26838973523259446,37.82164583583349,27.670704323893183
3,both,0,8,tcn_nobrain,0.0,,9.08044850424691,0.6990403442854483,8.944956979795892,5,0.6159453523620979,0.8065892060895259,0.05757942697998842,37.82164583583349,39.99939453050085
3,both,5,8,none,0.0,,0.0,1.1102230246251565e-16,2.220446049250313e-16,4,1.0119215309754352,0.7331098817522335,3.0302437013236537e-05,37.82164583583349,37.82279192387417
3,both,5,8,ica_iclabel,5.5,,3.1752193434003146,3.3907183365222475,4.936379669789318,4,0.6189849002971624,0.8006937725008065,0.000850046966716286,37.82164583583349,37.789495660514525
3,both,5,8,asr,0.3,,1.3632491035961452,-0.230713600871707,2.0842866722537927,4,0.8602451220158042,0.6807301366763102,0.005335137304052072,37.82164583583349,38.023429509432894
3,both,5,8,gedai,0.9,,3.1770859097331368,-3.7477307123257306,10.023864500342338,4,0.5278993016078503,0.8510852514994396,0.26837564461799024,37.82164583583349,27.671237254128354
3,both,5,8,tcn_nobrain,0.0,,5.43873007456055,-2.6989162977805985,10.284153620786704,4,0.4785262078076162,0.8809203497946307,0.05609443943817097,37.82164583583349,39.94322985762361
3,eog,-5,16,none,0.0,,0.0,-2.7755575615628914e-17,-4.9343245538895844e-17,9,1.5847330266176622,0.7217018402308468,0.0005518647355499674,36.83767738560499,36.81734797051631
3,eog,-5,16,ica_iclabel,6.3,,22.622542638904058,21.89580089815401,22.146053926167138,9,0.11664520571724783,0.9817437638069828,0.0025252018080983655,36.83767738560499,36.930699955145265
3,eog,-5,16,asr,0.5,,23.48767938381567,18.281047225074392,23.58504728068119,9,0.12017136951233179,0.9852353052678008,0.0010139246623617826,36.83767738560499,36.87502801521038
3,eog,-5,16,gedai,2.2,,8.120875578512969,2.4259442091578287,11.70641532872321,9,0.5172529389374051,0.836311872652928,0.524017679005664,36.83767738560499,17.534083182040828
3,eog,-5,16,tcn_nobrain,0.0,,8.696082315269978,1.1394396794906374,8.968557155714732,9,0.5942103663552976,0.7962494917327293,0.09745827426907964,36.83767738560499,40.427813851687155
3,eog,0,16,none,0.0,,-9.643274665532871e-16,-2.498001805406602e-16,-4.440892098500626e-16,9,0.8911608700323078,0.8043973889782556,2.7552671896088232e-05,36.83767738560499,36.83666240916657
3,eog,0,16,ica_iclabel,5.5,,19.422135174185097,18.933185787999015,19.269293345521948,9,0.09602530236737379,0.9877099315637181,0.00208322036954489,36.83767738560499,36.914418385501406
3,eog,0,16,asr,0.5,,-9.643274665532871e-16,-2.498001805406602e-16,-4.440892098500626e-16,9,0.8911608700323078,0.8043973889782556,2.7552671896088232e-05,36.83767738560499,36.83666240916657
3,eog,0,16,gedai,2.2,,2.8964613439817333,-3.0939096255111016,6.086760980611389,9,0.5538865277969461,0.8206276567673498,0.6856450544327071,36.83767738560499,11.580106069377354
3,eog,0,16,tcn_nobrain,0.0,,3.8624678943102877,-3.539178059694329,4.534244982798004,9,0.5692392303610538,0.8129100083180474,0.09886966418237651,36.83767738560499,40.47980617797848
3,eog,5,16,none,0.0,,0.0,-1.1102230246251565e-16,0.0,5,0.5011365846235815,0.8780363711070003,7.400281554437482e-05,36.83767738560499,36.84040347744964
3,eog,5,16,ica_iclabel,6.4,,12.853989441427059,12.329544411657889,13.681754716200828,5,0.11349391451963521,0.9827133116375881,0.0019041820938836258,36.83767738560499,36.90782303126292
3,eog,5,16,asr,0.5,,0.0,-1.1102230246251565e-16,0.0,5,0.5011365846235815,0.8780363711070003,7.400281554437482e-05,36.83767738560499,36.84040347744964
3,eog,5,16,gedai,2.0,,-2.3218215650251444,-8.461162647407104,6.308488806259109,5,0.5744831239517676,0.8061577085065228,0.8216141752818277,36.83767738560499,6.571319461133111
3,eog,5,16,tcn_nobrain,0.0,,-1.0988775685946368,-8.442999933055294,6.789421960609737,5,0.5626375721595105,0.818035068075026,0.09932975635157526,36.83767738560499,40.49675490487507
3,emg,-5,16,none,0.0,,0.0,1.6653345369377348e-16,3.3306690738754696e-16,8,2.089740759874856,0.7419775653664377,0.00020397558832725514,36.83767738560499,36.83016339868765
3,emg,-5,16,ica_iclabel,12.1,,4.585821710477756,7.358873949835857,7.69657658022999,8,1.0330429737855025,0.8339039080506943,0.0005148515663965666,36.83767738560499,36.8187114497006
3,emg,-5,16,asr,0.5,,20.975908228282126,16.243747823642046,21.38813655539149,8,0.18445590960208177,0.9364219948953224,0.0002796554730910069,36.83767738560499,36.847979243701836
3,emg,-5,16,gedai,2.2,,12.317601292720964,-2.6764216259995948,11.97042901841991,8,0.5625399936643671,0.8108345976482869,0.8626634899791475,36.83767738560499,5.05915804941307
3,emg,-5,16,tcn_nobrain,0.0,,13.18582621839713,-2.2330126538081183,8.858193436492636,8,0.6199086914008816,0.8176179374082033,0.11673583179027992,36.83767738560499,41.137954296435574
3,emg,0,16,none,0.0,,9.64327466553287e-16,-1.1102230246251565e-16,2.9605947323337506e-16,6,1.175147587404655,0.7927651338732296,4.59694116229974e-05,36.83767738560499,36.83598397925002
3,emg,0,16,ica_iclabel,10.7,,5.793036947626264,8.602541207795669,13.051369056341812,6,0.42567231052815835,0.9054310284183016,0.0002186568712581501,36.83767738560499,36.82962257432344
3,emg,0,16,asr,0.5,,15.87982614731121,8.560240674562337,16.041331757539442,6,0.19607473089818345,0.935087113596625,7.122872669371077e-05,36.83767738560499,36.83505348475046
3,emg,0,16,gedai,2.4,,7.4452312517700125,-7.383180461136086,11.636018874148462,6,0.5438631167336796,0.8233865219956975,0.85095552896765,36.83767738560499,5.490452139997855
3,emg,0,16,tcn_nobrain,0.0,,10.017802632441494,-6.164492357633176,9.938771798808318,6,0.5023156952521812,0.8691330636465302,0.11845787063204974,36.83767738560499,41.20139020773417
3,emg,5,16,none,0.0,,0.0,-3.885780586188048e-16,-1.7763568394002506e-16,5,0.6608340516104415,0.8435098419183482,4.110873368498723e-06,36.83767738560499,36.83752595057807
3,emg,5,16,ica_iclabel,9.2,,5.189469087736775,5.771852402728587,9.249582757153103,5,0.29440187097344966,0.9170040482029789,0.00012306881295715726,36.83767738560499,36.842210954832936
3,emg,5,16,asr,0.5,,1.2367852792983434,0.463484709475516,1.573350190622207,5,0.5755014456246302,0.8486327048555485,0.0007991941267738502,36.83767738560499,36.867117841015556
3,emg,5,16,gedai,2.0,,3.142258087899519,-10.83947163363832,11.2155463677524,5,0.45950012703390514,0.8720524870866511,0.5743301553004106,36.83767738560499,15.68068841182405
3,emg,5,16,tcn_nobrain,0.0,,5.841171894325762,-10.42800636267142,9.221710329460313,5,0.4447293955927128,0.9054748072850318,0.11841914835280973,36.83767738560499,41.19996376890389
3,both,-5,16,none,0.0,,9.64327466553287e-16,5.551115123125783e-17,-9.868649107779169e-17,9,2.074221256200052,0.6671844722350685,0.00023902864525170741,36.83767738560499,36.82887212548529
3,both,-5,16,ica_iclabel,9.6,,7.150231265093917,11.671730140870007,13.056222929656595,9,0.5891071704915092,0.8778725235107486,0.0001870933482354527,36.83767738560499,36.84456947000828
3,both,-5,16,asr,0.5,,15.20906425902799,7.895368513017132,11.323085128416645,9,0.4635860536992083,0.8469064241761177,0.0004597984149747502,36.83767738560499,36.85461529127824
3,both,-5,16,gedai,2.4,,10.728293669713816,2.264061424494011,13.128278871519967,9,0.5690843340548295,0.8096211677921066,0.6253927361416761,36.83767738560499,13.79966153231714
3,both,-5,16,tcn_nobrain,0.0,,10.982029868259971,1.9070627244749572,8.777571061613399,9,0.7096407298157679,0.7779071733967835,0.06090649266289594,36.83767738560499,39.08133111300947
3,both,0,16,none,0.0,,9.64327466553287e-16,6.938893903907228e-17,-3.0531133177191805e-16,8,1.1664203302051064,0.7499247567829345,4.1013716650222864e-05,36.83767738560499,36.839188235667336
3,both,0,16,ica_iclabel,8.6,,5.425239561095486,7.181899184944756,7.63178228459562,8,0.5417769339265424,0.8565426953826734,0.00023839097964825225,36.83767738560499,36.84645915560491
3,both,0,16,asr,0.5,,12.318819460716409,4.714442294162763,10.056774185916595,8,0.34561502023552015,0.8940113062756169,0.0003920795352579715,36.83767738560499,36.82323408617566
3,both,0,16,gedai,2.2,,5.7284002324122785,-2.7034412358308213,9.718026350520773,8,0.5708845496288935,0.8131622205052502,0.6195979472613352,36.83767738560499,14.01312809560883
3,both,0,16,tcn_nobrain,0.0,,8.507413724132972,-1.3125703155405466,8.07363025153045,8,0.5220637321127397,0.8563486333838877,0.06026773097168389,36.83767738560499,39.057800615902316
3,both,5,16,none,0.0,,9.64327466553287e-16,8.326672684688674e-17,-3.1720657846433045e-16,7,0.6559263540984037,0.8339785463096856,7.855728154941737e-05,36.83767738560499,36.840571253399
3,both,5,16,ica_iclabel,7.2,,4.732940590257826,3.9482329366645095,5.438292567588819,7,0.36600259824170994,0.8928915744187816,0.0004977643593608525,36.83767738560499,36.85601386848918
3,both,5,16,asr,0.5,,9.64327466553287e-16,8.326672684688674e-17,-3.1720657846433045e-16,7,0.6559263540984037,0.8339785463096856,7.855728154941737e-05,36.83767738560499,36.840571253399
3,both,5,16,gedai,2.0,,0.9111002624131781,-7.14317746500112,7.456082844026595,7,0.5346514249250267,0.8328801463884536,0.6334571241877142,36.83767738560499,13.502588207164862
3,both,5,16,tcn_nobrain,0.0,,4.793133955698262,-5.079326555789721,7.439226670878615,7,0.4294375942425332,0.9077134077371104,0.05852987820123877,36.83767738560499,38.99378215620098
3,eog,-5,32,none,0.0,,0.0,-4.5102810375396984e-17,-7.216449660063518e-17,20,1.4931567658650104,0.7207822214758586,0.0005518647355497745,36.83767738560499,36.817347970516316
3,eog,-5,32,ica_iclabel,10.9,,20.354750252218544,15.302322045278759,19.58533796310281,20,0.15590905300324193,0.9768784433921696,0.0056444040234618015,36.83767738560499,37.04560412005529
3,eog,-5,32,asr,1.0,,7.600363548483589,15.7161074145232,22.258597270484636,20,0.14099552373259464,0.9626015947179758,0.005066739491807063,36.83767738560499,37.024324300401084
3,eog,-5,32,gedai,5.7,,5.006552351230209,1.1995463200744105,8.686506376218478,20,0.6010488235537211,0.7781263521657513,0.7757159279819911,36.83767738560499,8.26210428772921
3,eog,-5,32,tcn_nobrain,0.0,,5.902134834682887,1.2498904935228936,7.571194790605193,20,0.6016097898566168,0.7896942676776383,0.09745827426907945,36.83767738560499,40.42781385168715
3,eog,0,32,none,0.0,,-9.643274665532871e-16,-1.6653345369377348e-16,-3.134747363647501e-16,17,0.8396637543197991,0.8129324787636774,2.755267189589535e-05,36.83767738560499,36.83666240916658
3,eog,0,32,ica_iclabel,12.6,,2.5171768703415633,7.285914849032173,14.52376272404327,17,0.20537581221143578,0.947834855255475,0.011407118772297565,36.83767738560499,37.25788914683817
3,eog,0,32,asr,1.1,,-9.643274665532871e-16,-1.6653345369377348e-16,-3.134747363647501e-16,17,0.8396637543197991,0.8129324787636774,2.755267189589535e-05,36.83767738560499,36.83666240916658
3,eog,0,32,gedai,6.0,,0.003826340230217396,-3.796101903201798,5.410350551364667,17,0.6023085738028283,0.7782027134337755,0.8178190691226005,36.83767738560499,6.7111223574708445
3,eog,0,32,tcn_nobrain,0.0,,0.9853872552986112,-3.461666071305956,5.1628792573078535,17,0.5797242791883865,0.8040597581305159,0.09886966418237651,36.83767738560499,40.47980617797848
3,eog,5,32,none,0.0,,-9.643274665532871e-16,-2.636779683484747e-16,-2.590520390792032e-16,12,0.47217762837424937,0.8882168008351128,7.400281554437482e-05,36.83767738560499,36.84040347744964
3,eog,5,32,ica_iclabel,12.3,,-2.4248387111996896,3.905568265410742,14.266679979692695,12,0.1736987926474601,0.9541091245202153,0.008899603686526402,36.83767738560499,37.16551811506899
3,eog,5,32,asr,1.1,,-9.643274665532871e-16,-2.636779683484747e-16,-2.590520390792032e-16,12,0.47217762837424937,0.8882168008351128,7.400281554437482e-05,36.83767738560499,36.84040347744964
3,eog,5,32,gedai,6.4,,-4.965604100523706,-8.67270799459834,3.7979627819416995,12,0.5937018252298799,0.7841658427797286,0.7989543111649952,36.83767738560499,7.406056225070634
3,eog,5,32,tcn_nobrain,0.0,,-3.997523123424468,-8.379970244437466,4.126381712760696,12,0.5742505575659573,0.808216872524953,0.09932975635157526,36.83767738560499,40.49675490487507
3,emg,-5,32,none,0.0,,0.0,1.1622647289044608e-16,2.187792430878985e-16,17,1.4558392103366127,0.7693010385992335,0.00020397558832725514,36.83767738560499,36.83016339868765
3,emg,-5,32,ica_iclabel,15.5,,6.076606368427954,8.301770031718902,12.39527252932224,17,0.4851488386394901,0.914204656811713,0.0005897775404535966,36.83767738560499,36.815951350840486
3,emg,-5,32,asr,1.1,,10.232141925522134,10.945528510136581,19.859111801175107,17,0.1752087878463366,0.9463391724639416,0.005023568095147781,36.83767738560499,37.02273396641866
3,emg,-5,32,gedai,5.4,,7.952709694712762,-2.4766643153401917,9.157435424417207,17,0.5685866211366059,0.8018862638315603,0.7988808800229528,36.83767738560499,7.408761257791249
3,emg,-5,32,tcn_nobrain,0.0,,10.088183563876775,-1.4964622544993116,8.074876165886376,17,0.5541149784099538,0.8548598597570577,0.11673583179028012,36.83767738560499,41.13795429643558
3,emg,0,32,none,0.0,,9.64327466553287e-16,0.0,0.0,15,0.8186785504307106,0.8415104644196751,4.59694116229974e-05,36.83767738560499,36.83598397925002
3,emg,0,32,ica_iclabel,15.4,,4.440269050707945,2.958150113925417,5.889530432780684,15,0.4595027570710035,0.9009916805485463,0.00022911782791530124,36.83767738560499,36.829237216976956
3,emg,0,32,asr,1.1,,4.268807416925696,3.6118261788230925,11.764365675822118,15,0.3080276225898668,0.9213625329976097,0.004526482221496223,36.83767738560499,37.004422477372145
3,emg,0,32,gedai,6.3,,2.8991469768636957,-7.671564936903625,5.459844836608137,15,0.5802744113483792,0.7934964205258862,0.7876610724317197,36.83767738560499,7.822072910165655
3,emg,0,32,tcn_nobrain,0.0,,5.935624719079334,-5.715215032382416,5.896264438127141,15,0.480398358803738,0.8905057526860964,0.11845787063204974,36.83767738560499,41.20139020773417
3,emg,5,32,none,0.0,,0.0,-2.3592239273284576e-16,-2.0185873175002846e-16,11,0.46037678100813106,0.8965520795403332,4.110873368305837e-06,36.83767738560499,36.837525950578076
3,emg,5,32,ica_iclabel,13.8,,3.928510322673718,0.09234125716701358,4.993597713623772,11,0.3014288186897197,0.928117542305503,0.0002768818512506615,36.83767738560499,36.84787706991529
3,emg,5,32,asr,1.0,,0.7461253321397893,-2.0645086395735404,2.008871626903405,11,0.40325637233872835,0.9004282475983498,0.0051044444070756905,36.83767738560499,37.0257132619056
3,emg,5,32,gedai,6.2,,-2.093053207803111,-12.618168224798266,3.835493038046761,11,0.5770817779618237,0.7949897526649705,0.7783916088186308,36.83767738560499,8.16353842028223
3,emg,5,32,tcn_nobrain,0.0,,1.2730165696541962,-10.201928073346853,4.5373717506584965,11,0.44409216553905473,0.9132268654690727,0.11841914835280973,36.83767738560499,41.19996376890389
3,both,-5,32,none,0.0,,0.0,-9.71445146547012e-17,-6.344131569286608e-17,21,1.634129076637746,0.7028506137508987,0.00023902864525151453,36.83767738560499,36.8288721254853
3,both,-5,32,ica_iclabel,13.4,,7.784974518367496,12.563530895382609,14.608136001774783,21,0.3950031694928126,0.9247922476740832,0.0026191118407528835,36.83767738560499,36.934159382631464
3,both,-5,32,asr,1.0,,7.7934796194681235,9.116122889097,13.480305067409953,21,0.38003883990844556,0.8940233612283603,0.004839436936265007,36.83767738560499,37.0159510021911
3,both,-5,32,gedai,5.5,,6.6354566950269245,1.391065233824856,8.687296003913103,21,0.6074628721742003,0.775342676912085,0.8058765382200834,36.83767738560499,7.151057458025387
3,both,-5,32,tcn_nobrain,0.0,,8.60221627441296,2.0082829926461403,6.8531906993193665,21,0.6575208972348248,0.8034779233434504,0.06090649266289594,36.83767738560499,39.08133111300947
3,both,0,32,none,0.0,,9.64327466553287e-16,-6.071532165918825e-18,-3.249035027947149e-16,17,0.9189383106552271,0.7972932009618849,4.1013716650222864e-05,36.83767738560499,36.839188235667336
3,both,0,32,ica_iclabel,15.1,,7.282358056839646,9.144695863864206,12.090118051422579,17,0.27863347521794524,0.9415570961281584,0.002344409876887259,36.83767738560499,36.92404000030939
3,both,0,32,asr,1.0,,1.279403759853577,0.8039364323224588,3.454665477804021,17,0.635269689362643,0.8255499606472836,0.006048979294675281,36.83767738560499,37.06050773337444
3,both,0,32,gedai,6.8,,1.6426538943667188,-3.5373427760868275,6.218310888470721,17,0.6028606572047119,0.7780011543225491,0.7959732507552942,36.83767738560499,7.515871566710196
3,both,0,32,tcn_nobrain,0.0,,5.132846202647903,-1.4345034521648725,5.8112912927694085,17,0.5057382330384066,0.8707925923993963,0.060267730971683704,36.83767738560499,39.05780061590231
3,both,5,32,none,0.0,,9.64327466553287e-16,-4.163336342344337e-17,-2.590520390792032e-16,12,0.5167569873424824,0.8759084986261486,7.855728154941737e-05,36.83767738560499,36.840571253399
3,both,5,32,ica_iclabel,11.8,,5.948868196102133,4.950253489697367,9.94218599561255,12,0.21945657224215148,0.9515575375616767,0.002674537116155548,36.83767738560499,36.936201121045755
3,both,5,32,asr,1.0,,9.64327466553287e-16,-4.163336342344337e-17,-2.590520390792032e-16,12,0.5167569873424824,0.8759084986261486,7.855728154941737e-05,36.83767738560499,36.840571253399
3,both,5,32,gedai,5.9,,-3.346419350964695,-8.498391818816959,4.74846221787243,12,0.6004543592585673,0.7802026413095213,0.7963076281640497,36.83767738560499,7.503553879601429
3,both,5,32,tcn_nobrain,0.0,,0.796224434855548,-5.3801980474865605,5.829623745089761,12,0.4305374098602534,0.913059072901238,0.05852987820123877,36.83767738560499,38.99378215620098
3,eog,-5,64,none,0.0,,0.0,1.0234868508263162e-16,-1.290957005378089e-17,43,1.5307513908273962,0.7183041559670172,0.0005518647355497745,36.83767738560499,36.817347970516316
3,eog,-5,64,ica_iclabel,12.8,,9.683302097388928,12.996509149201964,17.691042327235383,43,0.201363379683803,0.9502600471673743,0.0072421249060907415,36.83767738560499,37.104460446481816
3,eog,-5,64,asr,2.2,,31.51969499436101,24.55518368424147,30.526440593232564,43,0.05028671968501667,0.9984224354856663,3.755295154064924e-05,36.83767738560499,36.83906074911872
3,eog,-5,64,gedai,13.8,,8.622655072921063,4.3747721014435115,10.39203999201229,43,0.44642987700397224,0.881381637503642,0.4432120548693657,36.83767738560499,20.51077469491624
3,eog,-5,64,tcn_nobrain,0.0,,8.278837563223725,1.7044519614705684,6.7692014676545815,43,0.605596102193197,0.791798777242663,0.09745827426907945,36.83767738560499,40.42781385168715
3,eog,0,64,none,0.0,,0.0,-9.020562075079397e-17,-6.530723674265627e-17,34,0.8608047655533488,0.8138371553012488,2.755267189589535e-05,36.83767738560499,36.83666240916658
3,eog,0,64,ica_iclabel,10.8,,4.71106541912116,8.504522901357639,15.614073405734999,34,0.1902014850988143,0.9522094038625208,0.00679363396622419,36.83767738560499,37.087939081928646
3,eog,0,64,asr,2.4,,0.0,-9.020562075079397e-17,-6.530723674265627e-17,34,0.8608047655533488,0.8138371553012488,2.755267189589535e-05,36.83767738560499,36.83666240916658
3,eog,0,64,gedai,12.6,,3.524449539625039,-0.8845378494332157,7.488371083907261,34,0.459998189252953,0.8749332221529916,0.4951053603421452,36.83767738560499,18.59914584943734
3,eog,0,64,tcn_nobrain,0.0,,3.427330699254835,-3.0160089436469932,4.950964420129814,34,0.5825989764556935,0.8058079064793937,0.09886966418237651,36.83767738560499,40.47980617797848
3,eog,5,64,none,0.0,,0.0,-1.7694179454963432e-16,-1.0177044392397268e-16,24,0.4840660926515997,0.88940339410734,7.400281554437482e-05,36.83767738560499,36.84040347744964
3,eog,5,64,ica_iclabel,10.9,,-0.2746418256133602,3.782539827867806,14.334533541236416,24,0.18508587512206448,0.953192562153102,0.006412956264781078,36.83767738560499,37.07391579957499
3,eog,5,64,asr,2.5,,0.0,-1.7694179454963432e-16,-1.0177044392397268e-16,24,0.4840660926515997,0.88940339410734,7.400281554437482e-05,36.83767738560499,36.84040347744964
3,eog,5,64,gedai,11.4,,-1.2065297244129625,-4.9927533865689835,6.6802004607126015,24,0.4192098211709381,0.8937802394488128,0.3664284523581895,36.83767738560499,23.339304272727478
3,eog,5,64,tcn_nobrain,0.0,,-1.5388372827622552,-7.929566171020964,3.7919388282532265,24,0.5762852739627381,0.8104092444080374,0.09932975635157526,36.83767738560499,40.49675490487507
3,emg,-5,64,none,0.0,,9.64327466553287e-16,-4.0766001685454967e-17,1.1529239101876627e-16,39,1.213770386347739,0.7627452924458396,0.00020397558832725514,36.83767738560499,36.83016339868765
3,emg,-5,64,ica_iclabel,15.1,,5.490263025509085,7.1034570196034394,11.67752174017277,39,0.450650953841201,0.902861466140755,0.0028960812714769343,36.83767738560499,36.73099247804383
3,emg,-5,64,asr,2.6,,-41.94795259501545,-35.54732152794352,-37.09739791992789,39,127.44993804558922,0.16842549063516166,0.9497211220410395,36.83767738560499,1.8521570855623906
3,emg,-5,64,gedai,13.7,,8.85388453766373,1.233938476747212,10.396179749119652,39,0.4025365578337171,0.9009952044774253,0.3935766825998142,36.83767738560499,22.339226525496382
3,emg,-5,64,tcn_nobrain,0.0,,9.777188957063238,-0.6795541187753922,7.095043360444934,39,0.5189620304982605,0.8709689007303449,0.11673583179028012,36.83767738560499,41.13795429643558
3,emg,0,64,none,0.0,,9.64327466553287e-16,9.194034422677078e-17,7.771561172376095e-17,30,0.682553247358309,0.850407845835936,4.59694116229974e-05,36.83767738560499,36.83598397925002
3,emg,0,64,ica_iclabel,13.7,,2.216402422839588,0.7920833262923952,9.202521994703151,30,0.36410287040447364,0.9025752142885766,0.009178002195940402,36.83767738560499,37.17577366954342
3,emg,0,64,asr,2.5,,2.0726125461510083,1.8116389303193934,7.496481906710017,30,0.43209459445529996,0.9066207033497875,0.0032504280554141716,36.83767738560499,36.717939165534524
3,emg,0,64,gedai,12.7,,3.893822814169825,-3.670562524047542,8.545509835162537,30,0.3967570466363016,0.9039172722351596,0.4115193745767255,36.83767738560499,21.67825942702164
3,emg,0,64,tcn_nobrain,0.0,,5.581030816392378,-4.996479475356677,5.850149366431044,30,0.4644809970073221,0.9016591612301934,0.11845787063204974,36.83767738560499,41.20139020773417
3,emg,5,64,none,0.0,,9.64327466553287e-16,-2.0643209364124004e-16,-3.23815048849004e-17,24,0.38382789771993386,0.9153391227146488,4.110873368305837e-06,36.83767738560499,36.837525950578076
3,emg,5,64,ica_iclabel,13.9,,-1.2154358054512049,-2.4790803649237905,7.7084533600511564,24,0.2692105460672943,0.9301159480431922,0.0033809799966471464,36.83767738560499,36.96222483596866
3,emg,5,64,asr,2.4,,-1.845282697921581,-3.7914304534666643,0.080599810192592,24,0.41395242776149405,0.9062925230286581,0.00485284936056015,36.83767738560499,37.016445084750245
3,emg,5,64,gedai,12.9,,-0.9414250093395377,-8.038908722115114,6.230719772782995,24,0.370085418873253,0.914661135860839,0.36533402005948085,36.83767738560499,23.379620616667694
3,emg,5,64,tcn_nobrain,0.0,,0.9089810350174216,-9.58651603391383,3.3124866450284074,24,0.438212684092248,0.9185683329319684,0.11841914835280973,36.83767738560499,41.19996376890389
3,both,-5,64,none,0.0,,9.64327466553287e-16,1.3010426069826053e-17,-2.0970879354030734e-17,45,1.5251119324799283,0.6977988431618989,0.00023902864525151453,36.83767738560499,36.8288721254853
3,both,-5,64,ica_iclabel,15.1,,7.984747689072103,13.009105699091204,15.506186815352091,45,0.3496583794574969,0.9199445319899398,0.004370416584801331,36.83767738560499,36.9986733817966
3,both,-5,64,asr,2.4,,12.93288657484508,17.337584850225525,21.504708632834724,45,0.2082331540120141,0.965450845443518,0.00011764501427928193,36.83767738560499,36.842011154687036
3,both,-5,64,gedai,15.1,,8.536400734139756,4.474292423897387,10.274847857154354,45,0.4598911879216201,0.875138507761131,0.45270538125685134,36.83767738560499,20.161062600137793
3,both,-5,64,tcn_nobrain,0.0,,8.599224898742886,2.6480868020177373,6.5145354866420515,45,0.6471513731248995,0.8112261815502939,0.06090649266289594,36.83767738560499,39.08133111300947
3,both,0,64,none,0.0,,0.0,-2.905661822261152e-17,-1.4627938500128751e-16,37,0.8576334652656361,0.8049760511884613,4.1013716650222864e-05,36.83767738560499,36.839188235667336
3,both,0,64,ica_iclabel,13.6,,9.129933709360536,11.546190705383903,15.777090341873867,37,0.16401632525660173,0.9610710008197203,0.0028539585196873537,36.83767738560499,36.94281058882513
3,both,0,64,asr,2.4,,0.0,-2.905661822261152e-17,-1.4627938500128751e-16,37,0.8576334652656361,0.8049760511884613,4.1013716650222864e-05,36.83767738560499,36.839188235667336
3,both,0,64,gedai,13.9,,3.649479916135046,-0.1376242562757343,7.835842847670083,37,0.44154031636134194,0.8837644946829537,0.42223319552366284,36.83767738560499,21.283587147411225
3,both,0,64,tcn_nobrain,0.0,,5.55754167886434,-0.8422044267362243,5.183696626092423,37,0.5018613552364403,0.8755165350779638,0.060267730971683704,36.83767738560499,39.05780061590231
3,both,5,64,none,0.0,,0.0,-1.4224732503009818e-16,-1.4518301091252047e-16,26,0.48228273936488486,0.8883478091052528,7.855728154941737e-05,36.83767738560499,36.840571253399
3,both,5,64,ica_iclabel,13.5,,-0.8042398037185188,2.76738688237487,10.241284912913919,26,0.2363210898739871,0.9374648060828834,0.007421068099494217,36.83767738560499,37.111052298110764
3,both,5,64,asr,2.4,,0.0,-1.4224732503009818e-16,-1.4518301091252047e-16,26,0.48228273936488486,0.8883478091052528,7.855728154941737e-05,36.83767738560499,36.840571253399
3,both,5,64,gedai,11.7,,-1.2585187862870542,-4.733988123899425,6.061268180985025,26,0.4267356412727933,0.8908587004223517,0.36150340646120727,36.83767738560499,23.520731524589806
3,both,5,64,tcn_nobrain,0.0,,1.477031862346048,-4.842701181156573,4.40315602524633,26,0.4298492253675429,0.9144721212145905,0.05852987820123877,36.83767738560499,38.99378215620098
4,eog,-5,8,none,0.0,,0.0,5.551115123125783e-16,7.401486830834377e-16,6,3.0353044928228043,0.5595732564892022,0.007524415746861727,50.75893690835473,50.37700556418754
4,eog,-5,8,ica_iclabel,3.8,,20.254063109603422,22.56433113820536,22.703166763925665,6,0.2592610347693869,0.886205273783593,0.011979890287840881,50.75893690835473,51.367023403644254
4,eog,-5,8,asr,0.2,,24.4126918371926,23.157030408352952,24.069414232961332,6,0.18740069814460528,0.9575622798123538,0.010759326268773578,50.75893690835473,51.30506887160781
4,eog,-5,8,gedai,0.8,,15.712489354588682,5.943929319787161,11.341228453434065,6,0.7532152478516781,0.6363998272690705,0.9710238505005412,50.75893690835473,1.470798544290086
4,eog,-5,8,tcn_nobrain,0.0,,16.60300401316394,6.776558450900745,10.764333935787413,6,0.7042046829487623,0.7179069463450187,0.17391281105970774,50.75893690835473,59.58656631248905
4,eog,0,8,none,0.0,,0.0,-5.551115123125783e-17,-7.401486830834377e-17,6,1.7068771512535492,0.6881608428149173,0.003195075468092506,50.75893690835473,50.59675827425239
4,eog,0,8,ica_iclabel,3.7,,15.290176919286294,17.585200095674065,17.726620087813362,6,0.25817906128959567,0.8875714540121099,0.011605055474760295,50.75893690835473,51.34799718701604
4,eog,0,8,asr,0.2,,19.27618850275137,16.911877691457804,18.738389301403462,6,0.1951798208154098,0.9563125945384886,0.008498196398050916,50.75893690835473,51.1902963231582
4,eog,0,8,gedai,0.8,,11.052938166792721,1.371370876044145,6.765964954309793,6,0.7191173624690174,0.673232452230316,0.9045390333519332,50.75893690835473,4.845497183299779
4,eog,0,8,tcn_nobrain,0.0,,12.647594040499133,2.32915687895377,6.502165608951608,6,0.6484461081355972,0.7515446901659838,0.17966208826484623,50.75893690835473,59.878393511413314
4,eog,5,8,none,0.0,,0.0,3.3306690738754696e-16,-1.4802973661668753e-16,6,0.9598475584535224,0.791595016393141,0.0014655799587913526,50.75893690835473,50.68454562769229
4,eog,5,8,ica_iclabel,3.8,,10.297568308897404,12.493250101179036,12.65326222009284,6,0.25869347234791384,0.8878149008430549,0.011641108059103974,50.75893690835473,51.349827177870125
4,eog,5,8,asr,0.3,,0.0,3.3306690738754696e-16,-1.4802973661668753e-16,6,0.9598475584535224,0.791595016393141,0.0014655799587913526,50.75893690835473,50.68454562769229
4,eog,5,8,gedai,0.9,,6.059930829536602,-3.6363907875896744,1.7491409208264603,6,0.7194478444833708,0.6739715708238136,0.9105749350561754,50.75893690835473,4.539121229509122
4,eog,5,8,tcn_nobrain,0.0,,7.957784113769887,-2.477341230327906,1.759283935393557,6,0.6321236613463679,0.7651651578345878,0.1811229257047729,50.75893690835473,59.952544066859915
4,emg,-5,8,none,0.0,,0.0,-1.1102230246251565e-16,-1.4802973661668753e-16,6,6.464186216557428,0.5077669184050578,0.004699638028031783,50.75893690835473,50.52038827819776
4,emg,-5,8,ica_iclabel,6.3,,5.291420964824777,5.8281802146762125,7.7754118203936,6,3.452739478836991,0.6051225950643844,0.004492458182135119,50.75893690835473,50.53090450692431
4,emg,-5,8,asr,0.2,,23.458120026287673,20.717041039420938,22.047036275210335,6,0.4788344301742716,0.6743843766685036,0.00532845160656617,50.75893690835473,51.02940344727164
4,emg,-5,8,gedai,0.8,,21.03946294502021,6.2895030208823135,14.82283374931607,6,0.8039215928443626,0.5807345484182715,0.9524418681004077,50.75893690835473,2.414000216570621
4,emg,-5,8,tcn_nobrain,0.0,,16.459813566447902,5.3246719579963155,10.959671145583021,6,1.146069306503263,0.6010575561859006,0.14932319661447915,50.75893690835473,58.33842362426292
4,emg,0,8,none,0.0,,0.0,0.0,0.0,5,3.6350790415354957,0.5623167377500434,0.0015471451130088742,50.75893690835473,50.68040546717544
4,emg,0,8,ica_iclabel,5.6,,5.203857251671515,4.583121374980857,7.312531831710726,5,2.0363460769972845,0.6464364075485531,0.0014741664184198448,50.75893690835473,50.68410978812974
4,emg,0,8,asr,0.2,,18.437257128195796,14.945992632270723,17.61550319264662,5,0.4813184866151178,0.671580124204193,0.0038209549930982092,50.75893690835473,50.95288452177906
4,emg,0,8,gedai,0.8,,16.183715670806723,1.464412068316876,13.723319230381403,5,0.7875334035622406,0.6043338867460122,0.9517021802403411,50.75893690835473,2.4515459859916184
4,emg,0,8,tcn_nobrain,0.0,,15.480356515597043,2.496156333498913,12.193293298394114,5,0.7880640795481267,0.6911103882333658,0.15093809025125451,50.75893690835473,58.42039390848571
4,emg,5,8,none,0.0,,-4.821637332766436e-16,2.220446049250313e-16,-8.881784197001252e-16,4,2.044155165518514,0.6253071738553507,0.0005213281392384355,50.75893690835473,50.73247484622657
4,emg,5,8,ica_iclabel,7.4,,9.680599872108608,7.6537511955623145,10.070942445266187,4,0.7362179513823786,0.691410825242283,0.004209086842724831,50.75893690835473,50.97258568184638
4,emg,5,8,asr,0.3,,8.120597159386094,8.376536558119575,9.395334196186454,4,0.7701148764004154,0.6383722435120308,0.0037166297229933704,50.75893690835473,50.94758908197586
4,emg,5,8,gedai,0.9,,10.871557828052465,-3.9102603303356327,13.035674208367553,4,0.8189061363667803,0.5614238060074448,0.9913294725893264,50.75893690835473,0.4401067538005448
4,emg,5,8,tcn_nobrain,0.0,,13.301632759598776,-0.9157501465910864,14.0064766721045,4,0.614809814696377,0.783901568352477,0.15361101728616613,50.75893690835473,58.55606884321142
4,both,-5,8,none,0.0,,9.64327466553287e-16,3.0531133177191805e-16,7.031412489292658e-16,6,5.316962907749742,0.4733053935890553,0.006812658877985886,50.75893690835473,50.4131335861889
4,both,-5,8,ica_iclabel,6.7,,11.995658589654736,9.887872950518053,11.932742909490381,6,1.3881948659111973,0.5693888124238272,0.005368319226550384,50.75893690835473,50.48644673143035
4,both,-5,8,asr,0.3,,20.66000365613675,12.056662623770269,15.029459560029713,6,0.664043364428719,0.6275890687820799,0.007315806669273216,50.75893690835473,51.13027947751409
4,both,-5,8,gedai,0.8,,19.117587047510945,8.475022915409838,15.41971974612766,6,0.7975240030874279,0.5871045005757606,0.8973693123559308,50.75893690835473,5.20942459898637
4,both,-5,8,tcn_nobrain,0.0,,13.26962014079828,6.9901289255776575,10.837870596650289,6,1.2551736668260807,0.5814745491424288,0.08220983804714513,50.75893690835473,54.93182089103583
4,both,0,8,none,0.0,,0.0,5.551115123125783e-17,7.401486830834377e-17,6,2.989947968587214,0.5595751042638002,0.0027713710963645616,50.75893690835473,50.61826505772472
4,both,0,8,ica_iclabel,6.7,,5.980623409726773,5.365862714915506,6.278244752341178,6,1.6046662851853184,0.6175287123663113,0.005889502842531175,50.75893690835473,51.05788181156034
4,both,0,8,asr,0.3,,16.195557186464313,9.28560535396201,11.674287044798,6,0.5795232613528666,0.6545915339522304,0.0070647599683168905,50.75893690835473,51.117536613859194
4,both,0,8,gedai,0.9,,14.42299769376736,3.8018051407802647,10.719807843283888,6,0.7681170783358342,0.6284507673288147,0.825542573806003,50.75893690835473,8.855273489375042
4,both,0,8,tcn_nobrain,0.0,,12.57312246038516,4.436759541665348,8.984059050283607,6,0.835170484158215,0.685992920658768,0.08482955121254276,50.75893690835473,55.06479474631623
4,both,5,8,none,0.0,,0.0,0.0,0.0,6,1.6813713002591104,0.6480050166195597,0.001220143931213584,50.75893690835473,50.697003699531145
4,both,5,8,ica_iclabel,6.2,,9.288438082473103,6.038053724498761,7.084895617311535,6,0.673217647090018,0.6910535153144076,0.01153819756187081,50.75893690835473,51.34460355043386
4,both,5,8,asr,0.3,,0.7435211746957555,1.3373882540526314,1.6760978787891894,6,1.3978375624055364,0.6362384429569146,0.0013320758065661837,50.75893690835473,50.826551660177365
4,both,5,8,gedai,0.8,,9.31326232900987,-1.2181322316704408,5.888077391532921,6,0.7685123120065183,0.6204690142739111,0.9405113266594233,50.75893690835473,3.0195818168560598
4,both,5,8,tcn_nobrain,0.0,,10.923190880085944,1.2754065982195413,6.38376236086565,6,0.6220247547550865,0.7850765905955115,0.08469735169488574,50.75893690835473,55.05808443934016
4,eog,-5,16,none,0.0,,0.0,3.885780586188048e-16,4.782499183000674e-16,13,2.6636782168996676,0.5859911653481829,0.007850587293758695,45.322348348315096,44.96654129624851
4,eog,-5,16,ica_iclabel,5.7,,20.63908699539898,22.25892416647593,21.895297803675895,13,0.21672664415209572,0.9328536946870146,0.014718535154148912,45.322348348315096,45.989426925748354
4,eog,-5,16,asr,0.5,,24.591683387220474,23.452607113041523,24.25265835701017,13,0.16090495866313892,0.9702821627404509,0.01214575842542555,45.322348348315096,45.872822642626716
4,eog,-5,16,gedai,2.0,,16.15961186117119,7.115815256522547,9.898683506487723,13,0.6115466102554826,0.7830793139992904,0.35513833602370837,45.322348348315096,29.226644971207605
4,eog,-5,16,tcn_nobrain,0.0,,15.25572171176782,6.081584667892234,8.750378510778818,13,0.6924955895222277,0.7245400608785412,0.16916724324498816,45.322348348315096,52.9894050757886
4,eog,0,16,none,0.0,,0.0,1.1102230246251565e-16,1.7763568394002506e-16,10,1.4978963387034583,0.7049560914040153,0.00340803653370808,45.322348348315096,45.167888129350594
4,eog,0,16,ica_iclabel,5.7,,15.829435241705273,17.55459038113718,17.7993183905526,10,0.21027630786411985,0.9367400734391099,0.014070691538493113,45.322348348315096,45.96006513172437
4,eog,0,16,asr,0.5,,19.387268657471793,17.309520628454443,19.01774987641129,10,0.168781984198654,0.968995570126318,0.009868198835840286,45.322348348315096,45.76959829352349
4,eog,0,16,gedai,1.9,,11.04573697059905,2.0135095848810174,8.164192357403236,10,0.6174231800263885,0.7795561285306809,0.4142671243120126,45.322348348315096,26.546789430991307
4,eog,0,16,tcn_nobrain,0.0,,10.950975659862765,1.519972866047934,7.651391747857005,10,0.6507909851912064,0.752473113133045,0.1747064211455276,45.322348348315096,53.24045362616014
4,eog,5,16,none,0.0,,0.0,1.1102230246251565e-16,0.0,10,0.8423290115187811,0.8061500679949332,0.0015946172603720863,45.322348348315096,45.250076549358276
4,eog,5,16,ica_iclabel,6.1,,11.074076673033614,11.716375731810725,13.289340772199825,10,0.20682190754896274,0.9373583993491328,0.01750332580458008,45.322348348315096,46.11564017768433
4,eog,5,16,asr,0.5,,0.0,1.1102230246251565e-16,0.0,10,0.8423290115187811,0.8061500679949332,0.0015946172603720863,45.322348348315096,45.250076549358276
4,eog,5,16,gedai,1.8,,4.27867050324515,-4.778389484514273,1.9919464643907099,10,0.7507982182295028,0.6453015001682387,0.9408478503519218,45.322348348315096,2.680914331901867
4,eog,5,16,tcn_nobrain,0.0,,6.1382663182685295,-3.342816582454264,2.8723885991529063,10,0.6394609956149442,0.7625227301579716,0.17589353790979403,45.322348348315096,53.29425654568035
4,emg,-5,16,none,0.0,,-4.821637332766436e-16,-3.0531133177191805e-16,-1.3322676295501878e-16,10,3.573746420388384,0.6753894631846546,0.0034467812961777697,45.322348348315096,45.16613212572927
4,emg,-5,16,ica_iclabel,10.4,,11.332622493840535,13.617476896516635,18.031594567694082,10,0.8187022441389078,0.8511050184301285,0.00248419955039589,45.322348348315096,45.434938105704866
4,emg,-5,16,asr,0.5,,24.04835037441597,20.92702809530137,23.086877779603206,10,0.2440173701436258,0.8757387001860398,0.0034425515072365,45.322348348315096,45.478372866933086
4,emg,-5,16,gedai,1.8,,20.220839400767566,0.6750584751557422,10.335627642932124,10,0.6629893870600903,0.745102485536657,0.663222881520062,45.322348348315096,15.263529879489536
4,emg,-5,16,tcn_nobrain,0.0,,16.029620827439008,0.2959788065075952,8.156545094802476,10,0.8342561962097697,0.7374732435670284,0.14906954789071647,45.322348348315096,52.07853032594399
4,emg,0,16,none,0.0,,0.0,0.0,0.0,8,2.009665296811371,0.736209478817559,0.0010776334897526845,45.322348348315096,45.273507467900714
4,emg,0,16,ica_iclabel,10.2,,10.94303843295066,11.262542577357681,16.053766317744692,8,0.5368285667654031,0.8616290094924827,0.0020549219630313933,45.322348348315096,45.41548223735221
4,emg,0,16,asr,0.5,,19.066563115538916,14.776814891640564,18.36680558832999,8,0.24591556440707285,0.8767194667855303,0.0024754384633021843,45.322348348315096,45.434541032663695
4,emg,0,16,gedai,2.1,,14.983508476709053,-4.562235673018175,8.583127630339145,8,0.6826421470533837,0.7241123164210691,0.37591060150846506,45.322348348315096,28.28519711892378
4,emg,0,16,tcn_nobrain,0.0,,14.498669863131223,-3.4412954099834154,8.487352572664488,8,0.6435137360613529,0.7924547576008378,0.1510893846876511,45.322348348315096,52.170074072861404
4,emg,5,16,none,0.0,,0.0,-3.3306690738754696e-16,-5.921189464667501e-16,6,1.1301178463650765,0.7908083252623038,0.00033254638724495157,45.322348348315096,45.307276565110406
4,emg,5,16,ica_iclabel,9.1,,1.726669515806586,4.891380841565132,4.3380553446553485,6,0.7194645481932321,0.8242469312629159,0.0010257352580818092,45.322348348315096,45.36883707899503
4,emg,5,16,asr,0.5,,6.697055914753322,5.752517567102485,8.647391709900392,6,0.5417834150915913,0.8439271754392865,0.0003742885893213183,45.322348348315096,45.339311986143116
4,emg,5,16,gedai,1.8,,9.030447725718833,-10.492972991498004,7.9897015456091225,6,0.747121444225648,0.6541007942550227,0.9325181777151292,45.322348348315096,3.0584346567740046
4,emg,5,16,tcn_nobrain,0.0,,11.621194414296209,-7.5486408474498745,9.66026320471451,6,0.550910835457411,0.8436336054536768,0.15289446648549804,45.322348348315096,52.251884618900625
4,both,-5,16,none,0.0,,9.64327466553287e-16,1.5265566588595902e-16,3.2452673027504574e-16,13,3.511186586872636,0.5724678390184527,0.006386548889774623,45.322348348315096,45.032894954789185
4,both,-5,16,ica_iclabel,11.2,,10.179370275491312,14.920144267495552,15.000597127318674,13,0.7905008314390662,0.7698873896946974,0.03651075787766235,45.322348348315096,46.9771016353075
4,both,-5,16,asr,0.5,,15.631013268563718,8.293528932290831,9.352885691699774,13,0.8271741393172031,0.687056747058137,0.009061223457637956,45.322348348315096,45.73302427432409
4,both,-5,16,gedai,2.0,,18.22728069216933,6.381541778412857,10.02026376516297,13,0.6823194638874336,0.7307644352127006,0.535841132691321,45.322348348315096,21.036769873123312
4,both,-5,16,tcn_nobrain,0.0,,12.759666352300723,4.867726827856529,7.116021436115225,13,1.016357065884662,0.6565390552162065,0.08389616941734208,45.322348348315096,49.12471976373713
4,both,0,16,none,0.0,,0.0,-2.220446049250313e-16,-3.552713678800501e-16,10,1.9744853188816356,0.6675825461767362,0.002662453528052802,45.322348348315096,45.201679702055486
4,both,0,16,ica_iclabel,9.0,,7.94734960083085,9.227771532301688,9.74584430664028,10,0.7660785883105581,0.7829121870579265,0.03557902849325188,45.322348348315096,46.934873471580886
4,both,0,16,asr,0.5,,13.869547136414495,6.470500435534978,8.843981085486522,10,0.5701244079112093,0.7696029665401439,0.005945798118993095,45.322348348315096,45.59182588187286
4,both,0,16,gedai,1.8,,13.39988013738717,1.4416934109010668,8.935662083521787,10,0.6786629878278989,0.7241886739637629,0.11003094015398751,45.322348348315096,40.33548774956346
4,both,0,16,tcn_nobrain,0.0,,11.741688396539036,1.9412606309633205,7.838453158749604,10,0.7130257046789177,0.7508892643535576,0.0857967741417665,45.322348348315096,49.21085963312995
4,both,5,16,none,0.0,,0.0,-2.7755575615628914e-17,-4.4408920985006264e-17,10,1.1103346893430739,0.7573610292606632,0.001200777728383329,45.322348348315096,45.26792628182041
4,both,5,16,ica_iclabel,9.7,,6.9449664394417985,4.941851581233016,6.143851733432698,10,0.5513437998987762,0.8083038398356004,0.03939504621771103,45.322348348315096,47.10782435619217
4,both,5,16,asr,0.5,,3.5265669247237192,1.2810452230862195,2.109127535090374,10,0.8523429182677372,0.7812848060207267,0.002094997755069944,45.322348348315096,45.22739813027088
4,both,5,16,gedai,2.1,,8.240369289007266,-3.7776235100390325,4.123371509962242,10,0.6874284740471781,0.7252217713721183,0.5216501877545395,45.322348348315096,21.679936822939883
4,both,5,16,tcn_nobrain,0.0,,9.57209440361805,-1.588347652247303,5.086497413369498,10,0.5621395449099672,0.8301562840484011,0.08537839611275568,45.322348348315096,49.19189775835784
4,eog,-5,32,none,0.0,,0.0,1.1188966420050406e-16,1.2346445704883206e-16,29,2.212765738978627,0.6035920815914292,0.007850587293758851,45.3223483483151,44.96654129624851
4,eog,-5,32,ica_iclabel,8.6,,19.41282343020869,15.739972803883266,16.28722570671462,29,0.26646840044659886,0.9371131644056796,0.019487462539222657,45.3223483483151,46.20556591394249
4,eog,-5,32,asr,1.0,,25.29952950529861,24.353080520049595,24.797359785075365,29,0.12332313946992446,0.9833779490051748,0.012967241134328804,45.3223483483151,45.91005416812175
4,eog,-5,32,gedai,5.6,,11.3935477177358,4.50059868617287,5.93016186226712,29,0.7699683579355299,0.6191873120586822,0.7829381500492256,45.3223483483151,9.837752776598698
4,eog,-5,32,tcn_nobrain,0.0,,12.242294014797427,5.5226331461530815,6.661166435543018,29,0.6950028385407871,0.711189960904725,0.16916724324498766,45.3223483483151,52.98940507578859
4,eog,0,32,none,0.0,,0.0,6.765421556309548e-17,9.840613172813887e-17,22,1.244329618318206,0.7314495179531622,0.003408036533708393,45.3223483483151,45.16788812935059
4,eog,0,32,ica_iclabel,8.6,,14.887797921475173,11.178251687931237,13.195498929585403,22,0.25838583866617926,0.9425887104963591,0.025328948658317637,45.3223483483151,46.47031578270396
4,eog,0,32,asr,1.0,,20.03865068470114,18.35678345512388,19.666419938630924,22,0.13013582468560395,0.9824062465511652,0.010351895720988106,45.3223483483151,45.79152057224716
4,eog,0,32,gedai,5.2,,6.0043692322671625,-1.069751324397887,3.5636770040413874,22,0.8202466507876061,0.551958896984718,0.9078991996857293,45.3223483483151,4.174224555001981
4,eog,0,32,tcn_nobrain,0.0,,7.55070762703277,0.823026494316199,5.128952608190089,22,0.6673419723700855,0.7309725065980335,0.17470642114552787,45.3223483483151,53.24045362616016
4,eog,5,32,none,0.0,,0.0,-1.0408340855860843e-16,-9.143013143971877e-17,17,0.699737966173879,0.8360362295985232,0.0015946172603723996,45.3223483483151,45.25007654935827
4,eog,5,32,ica_iclabel,8.6,,10.122100944211216,5.944501342831708,9.487010411025112,17,0.2652205939454554,0.9417356978094596,0.03363393697634399,45.3223483483151,46.84671735628224
4,eog,5,32,asr,1.0,,0.0,-1.0408340855860843e-16,-9.143013143971877e-17,17,0.699737966173879,0.8360362295985232,0.0015946172603723996,45.3223483483151,45.25007654935827
4,eog,5,32,gedai,5.1,,1.0420422910790705,-6.0113527727105485,0.9550061633703995,17,0.8148939191010969,0.5596172418265808,0.9098895504265687,45.3223483483151,4.08401718539034
4,eog,5,32,tcn_nobrain,0.0,,2.624812009658919,-4.096272990062085,2.69885481703368,17,0.6606857148981332,0.7371651829021906,0.17589353790979353,45.3223483483151,53.294256545680334
4,emg,-5,32,none,0.0,,-9.643274665532871e-16,-1.6479873021779667e-16,-8.194503276995204e-17,21,2.3651692158330806,0.7030397278697008,0.003446781296178083,45.3223483483151,45.16613212572926
4,emg,-5,32,ica_iclabel,16.3,,24.650092770940475,21.476171955081835,23.617617189896098,21,0.14945318104426197,0.9480752800651999,0.0024642939349421196,45.3223483483151,45.43403593646719
4,emg,-5,32,asr,1.1,,24.693780952201987,21.659573767242772,23.65647350014968,21,0.14884864875395185,0.9484112643573115,0.0025628632517326,45.3223483483151,45.43850332937922
4,emg,-5,32,gedai,5.4,,13.964745159595237,-1.8490938127403693,6.1248227141842175,21,0.8159583324531773,0.5599150576892085,0.8962861554277544,45.3223483483151,4.7005549922463254
4,emg,-5,32,tcn_nobrain,0.0,,14.302582887344093,0.42955305104338914,7.00734412551525,21,0.7124001274854406,0.786569760710722,0.14906954789071628,45.3223483483151,52.07853032594399
4,emg,0,32,none,0.0,,0.0,-5.551115123125783e-17,-9.868649107779169e-17,18,1.3300323904237492,0.787702683813331,0.001077633489752841,45.3223483483151,45.273507467900714
4,emg,0,32,ica_iclabel,13.2,,19.771067753852574,16.60420007244533,18.892517054838148,18,0.14734614898210732,0.9498016738176059,0.0022767471443148743,45.3223483483151,45.42553587549077
4,emg,0,32,asr,1.0,,19.73208551505391,15.569471530040731,18.63550408139072,18,0.15091707726174547,0.9493827556409618,0.0021970806766855922,45.3223483483151,45.4219252040932
4,emg,0,32,gedai,4.9,,8.870778110323933,-6.991658655800856,2.9371695677057676,18,0.8279444853180444,0.5422104651575574,0.9176450348630936,45.3223483483151,3.7325204181482197
4,emg,0,32,tcn_nobrain,0.0,,11.36994548113866,-3.696351356564258,5.023345604196609,18,0.5989628818693347,0.8317543805060026,0.15108938468765093,45.3223483483151,52.170074072861404
4,emg,5,32,none,0.0,,-4.821637332766436e-16,-2.220446049250313e-16,-4.099285014000578e-16,13,0.7479321769998868,0.8545383486579798,0.0003325463872451083,45.3223483483151,45.307276565110406
4,emg,5,32,ica_iclabel,14.5,,9.498352458807904,3.993885507950363,10.91291232540949,13,0.2902167125703673,0.9231946285189147,0.003165488305370678,45.3223483483151,45.46581571198363
4,emg,5,32,asr,1.0,,6.7559013265057395,6.2567328303895895,9.948932683385946,13,0.33892655711048314,0.920437615008438,0.00013301771368631358,45.3223483483151,45.316319673158915
4,emg,5,32,gedai,5.5,,4.0211297532096255,-11.771459369395973,2.15249443042522,13,0.8074710529435503,0.5726123755397206,0.8942284063313337,45.3223483483151,4.793817013607736
4,emg,5,32,tcn_nobrain,0.0,,7.340495135837592,-8.119310361222906,4.955376432820279,13,0.5439252086154448,0.8665043305170754,0.1528944664854974,45.3223483483151,52.251884618900604
4,both,-5,32,none,0.0,,0.0,1.1275702593849246e-16,1.9942895071970404e-16,27,2.5332411467782148,0.6075646033361852,0.006386548889774779,45.3223483483151,45.032894954789185
4,both,-5,32,ica_iclabel,12.6,,21.177941641622745,17.685261671633558,18.073552616866333,27,0.2652267163734676,0.9144099333798592,0.033054822377919145,45.3223483483151,46.820470522718836
4,both,-5,32,asr,1.0,,12.241762480920116,11.681303953783939,12.516922918165527,27,0.6135506576390788,0.8289728548535655,0.01735462533580754,45.3223483483151,46.10890072323907
4,both,-5,32,gedai,5.0,,13.676641246001921,5.120999816332931,7.395998597929604,27,0.7010375439447032,0.6879561941184629,0.16164854176630897,45.3223483483151,37.996056828385285
4,both,-5,32,tcn_nobrain,0.0,,11.382380706909885,4.653643247611169,6.253202018190852,27,0.8640601820049072,0.7006783890709996,0.08389616941734175,45.3223483483151,49.124719763737126
4,both,0,32,none,0.0,,0.0,-1.0755285551056204e-16,-1.4963875549295588e-16,23,1.4245461839363982,0.724674972781697,0.0026624535280532716,45.3223483483151,45.20167970205547
4,both,0,32,ica_iclabel,15.2,,11.835809620372089,11.071742476773435,12.087273859398382,23,0.3727804271807963,0.9056593269446188,0.034903467626802,45.3223483483151,46.90425546666116
4,both,0,32,asr,1.0,,5.411117453107311,3.3231190425152333,4.138100002268745,23,0.8392330214205782,0.7898837075468264,0.0027748954607935672,45.3223483483151,45.44811312701935
4,both,0,32,gedai,5.1,,7.613258192181341,-1.5297454785402775,3.1893627045687776,23,0.8329666940786165,0.5333443272418178,0.9275655356690337,45.3223483483151,3.28290002483166
4,both,0,32,tcn_nobrain,0.0,,9.414264874898544,1.3837493944537815,4.862388390266262,23,0.6481961235977576,0.7893105518603213,0.08579677414176601,45.3223483483151,49.210859633129935
4,both,5,32,none,0.0,,9.64327466553287e-16,-1.8041124150158794e-16,-1.1686558153949016e-16,19,0.8010811881194746,0.8217452034913688,0.0012007777283834856,45.3223483483151,45.26792628182041
4,both,5,32,ica_iclabel,11.7,,9.637313619874728,6.566484605537402,8.329446646166966,19,0.3082827850096236,0.9154322066852371,0.040604480307264094,45.3223483483151,47.16263874930323
4,both,5,32,asr,1.0,,9.64327466553287e-16,-1.8041124150158794e-16,-1.1686558153949016e-16,19,0.8010811881194746,0.8217452034913688,0.0012007777283834856,45.3223483483151,45.26792628182041
4,both,5,32,gedai,5.0,,2.6851333353801747,-6.42083038280664,0.5198544999221313,19,0.8226172664250035,0.54936189160056,0.9118832268145978,45.3223483483151,3.993659089638269
4,both,5,32,tcn_nobrain,0.0,,6.144795768748265,-2.4794590565879377,3.3636054241272553,19,0.5430487808502032,0.8540673904729332,0.0853783961127555,45.3223483483151,49.19189775835784
4,eog,-5,64,none,0.0,,0.0,4.2934406030425976e-17,7.937120746223707e-17,57,2.2512214507584383,0.6090211435091976,0.007850587293758851,45.3223483483151,44.96654129624851
4,eog,-5,64,ica_iclabel,8.8,,24.83166245022016,24.825810000365365,25.07119174565209,57,0.12264076200492226,0.9829801991207253,0.003844618680164838,45.3223483483151,45.49659549540397
4,eog,-5,64,asr,2.7,,30.34619853524439,31.68588909093891,32.9134712222985,57,0.044767024464678444,0.9981454914348121,0.0012730328272913493,45.3223483483151,45.38004518557244
4,eog,-5,64,gedai,12.1,,5.292022936219524,3.6441547684951936,5.422773404570203,57,0.8252285522802298,0.5475332616953288,0.9201736795472478,45.3223483483151,3.617916302923869
4,eog,-5,64,tcn_nobrain,0.0,,6.185799423417402,5.166154755708534,6.597887700207019,57,0.7093767714585161,0.706725544064507,0.16916724324498766,45.3223483483151,52.98940507578859
4,eog,0,64,none,0.0,,0.0,4.0766001685454967e-17,1.8101462358018857e-17,46,1.2659548541751322,0.7383283820840435,0.003408036533708393,45.3223483483151,45.16788812935059
4,eog,0,64,ica_iclabel,8.8,,16.932188547902737,21.10392883818797,21.96003946361529,46,0.10234973062257827,0.9822484801292624,0.0025455326750196297,45.3223483483151,45.43771786694436
4,eog,0,64,asr,2.8,,-107.39360418816099,-107.09742137299713,-107.57247289801296,46,298412.6208327364,0.031219829128869638,0.8647704578972782,45.3223483483151,6.128920414162702
4,eog,0,64,gedai,11.7,,0.3005755208210164,-1.307768512296798,2.987198889161142,46,0.820658930881758,0.5542881840996764,0.9181726662153048,45.3223483483151,3.7086069262038044
4,eog,0,64,tcn_nobrain,0.0,,1.2596305560223195,0.4429728213002692,4.3609983143355135,46,0.6796037340949397,0.724320155011379,0.17470642114552787,45.3223483483151,53.24045362616016
4,eog,5,64,none,0.0,,0.0,-6.591949208711867e-17,-1.959217102279688e-17,34,0.711898730152701,0.8427902984859414,0.0015946172603723996,45.3223483483151,45.25007654935827
4,eog,5,64,ica_iclabel,8.8,,12.355280681285297,18.078128503163533,20.128994185148766,34,0.08085168558681786,0.9863395148796363,0.001763478242396448,45.3223483483151,45.40227332352167
4,eog,5,64,asr,3.1,,0.0,-6.591949208711867e-17,-1.959217102279688e-17,34,0.711898730152701,0.8427902984859414,0.0015946172603723996,45.3223483483151,45.25007654935827
4,eog,5,64,gedai,13.6,,-4.698064207549052,-6.29909382440004,0.7107350976949693,34,0.8197989276118913,0.5555519113594352,0.9213896556416153,45.3223483483151,3.5628054107917153
4,eog,5,64,tcn_nobrain,0.0,,-3.7227192007260546,-4.467595437901463,2.3197967771698367,34,0.6710552577080561,0.7304150953893238,0.17589353790979353,45.3223483483151,53.294256545680334
4,emg,-5,64,none,0.0,,0.0,-1.3010426069826053e-17,-1.9825411154020653e-17,42,1.8286860688941666,0.7084639750984485,0.003446781296178083,45.3223483483151,45.16613212572926
4,emg,-5,64,ica_iclabel,16.4,,26.656619317009564,23.493828058204812,26.081445800252,42,0.0892896934697581,0.9834306536091459,0.00011786704608675904,45.3223483483151,45.31700633699357
4,emg,-5,64,asr,2.8,,5.322525471981816,6.609388859582073,9.304616588365723,42,0.9580213277345015,0.8411372073876969,0.003336507384048375,45.3223483483151,45.17112999838854
4,emg,-5,64,gedai,12.6,,5.294468014997475,-2.1719938808568426,5.294904119495503,42,0.826074886169245,0.548270085392107,0.912543018226267,45.3223483483151,3.963755793441373
4,emg,-5,64,tcn_nobrain,0.0,,8.397572810147814,0.5066241902398021,6.740193100551537,42,0.6607430188947399,0.7986842266200581,0.14906954789071628,45.3223483483151,52.07853032594399
4,emg,0,64,none,0.0,,0.0,4.9439619065339e-17,-1.1102230246251566e-17,35,1.0283457471318123,0.8045974421583708,0.001077633489752841,45.3223483483151,45.273507467900714
4,emg,0,64,ica_iclabel,14.1,,21.822831854134286,18.45354316645053,21.738849859875607,35,0.08781991144179122,0.9842036919626811,3.460572190255499e-05,45.3223483483151,45.323916760898015
4,emg,0,64,asr,3.0,,6.480630544330488,10.620710918452115,15.98113256135361,35,0.36988166731670513,0.9365319750483079,0.00033512961827875673,45.3223483483151,45.307159487013635
4,emg,0,64,gedai,13.7,,0.3199307532755319,-7.015018722682104,2.6077506863617277,35,0.8115734082292891,0.5696122791978682,0.8994987823529127,45.3223483483151,4.554951195631129
4,emg,0,64,tcn_nobrain,0.0,,3.881752767440327,-3.812779678340776,4.685766362710312,35,0.5843625942170267,0.8391661567879143,0.15108938468765093,45.3223483483151,52.170074072861404
4,emg,5,64,none,0.0,,-4.821637332766436e-16,-1.4224732503009818e-16,-7.401486830834377e-17,27,0.5782813100863194,0.8801767136190595,0.0003325463872451083,45.3223483483151,45.307276565110406
4,emg,5,64,ica_iclabel,11.4,,11.478359271978658,9.364854974928761,14.8384117046507,27,0.12055088866369791,0.9725160925188213,0.0003151047043311772,45.3223483483151,45.33662963349099
4,emg,5,64,asr,3.1,,3.8472953877754263,2.227581095196407,5.91236727847993,27,0.3977696213610436,0.9225035578858523,0.0009865484085232557,45.3223483483151,45.277635657681536
4,emg,5,64,gedai,14.2,,-4.671972261954434,-11.969000127356832,0.41605820009368816,27,0.8070045463295479,0.5754444535208753,0.899833921556448,45.3223483483151,4.5397618999033185
4,emg,5,64,tcn_nobrain,0.0,,-0.9428389396639278,-8.389424133645093,3.000527877355656,27,0.5474132406059078,0.8656096527645749,0.1528944664854974,45.3223483483151,52.251884618900604
4,both,-5,64,none,0.0,,9.64327466553287e-16,1.5352302762394743e-16,2.1890246428929972e-16,53,2.25830701985972,0.6113974986245595,0.006386548889774779,45.3223483483151,45.032894954789185
4,both,-5,64,ica_iclabel,16.4,,24.168000856750844,23.405053957771674,23.974075385698516,53,0.1361320585672423,0.9737686266879907,0.001986907585423883,45.3223483483151,45.412399666037594
4,both,-5,64,asr,2.5,,4.731521541735165,6.084219648797676,6.449750011449009,53,1.194882414865343,0.7683102113198603,0.0028150120759770684,45.3223483483151,45.19476539040296
4,both,-5,64,gedai,14.1,,5.282539411456517,3.167009442420637,6.181000934356641,53,0.8329161788212763,0.5388262207578387,0.9162337238973669,45.3223483483151,3.7964843453646826
4,both,-5,64,tcn_nobrain,0.0,,7.815141331522667,4.511310520317772,6.386534011280882,53,0.8472052336063812,0.7107464907439942,0.08389616941734175,45.3223483483151,49.124719763737126
4,both,0,64,none,0.0,,0.0,-7.806255641895632e-17,-6.85031227960203e-17,47,1.2699393625162887,0.7382696777316204,0.0026624535280532716,45.3223483483151,45.20167970205547
4,both,0,64,ica_iclabel,11.2,,19.96140659086009,19.447407762323273,20.46840338532565,47,0.11928851452965619,0.9785083373983612,0.0023206031742848644,45.3223483483151,45.42752353375825
4,both,0,64,asr,2.7,,4.541585439331373,3.302860676390625,3.929412948673396,47,0.815191262974077,0.8201232499265039,0.0009780818626317171,45.3223483483151,45.27801938142374
4,both,0,64,gedai,14.2,,0.2627210687783382,-1.9545626079094116,2.4957247309914896,47,0.84398225083047,0.5214766433856267,0.9254907923793512,45.3223483483151,3.3769322629399836
4,both,0,64,tcn_nobrain,0.0,,4.225363544378982,1.1205099984057787,4.4289416577860194,47,0.6467510985787893,0.7965854908163785,0.08579677414176601,45.3223483483151,49.210859633129935
4,both,5,64,none,0.0,,0.0,-1.7694179454963432e-16,-1.0817557675834858e-16,39,0.7141393835555753,0.8419901611096139,0.0012007777283834856,45.3223483483151,45.26792628182041
4,both,5,64,ica_iclabel,13.7,,15.080942108877863,14.355908009695924,16.314639766901838,39,0.11726011653816468,0.9789653595361043,0.003065702856075399,45.3223483483151,45.46129320109058
4,both,5,64,asr,3.0,,0.0,-1.7694179454963432e-16,-1.0817557675834858e-16,39,0.7141393835555753,0.8419901611096139,0.0012007777283834856,45.3223483483151,45.26792628182041
4,both,5,64,gedai,13.3,,-4.703663008599731,-6.751300583047912,-0.3310808076503588,39,0.8247398717179568,0.5500089919230173,0.9142263592938834,45.3223483483151,3.887462823185834
4,both,5,64,tcn_nobrain,0.0,,-0.19674852561962136,-2.8543818102706195,2.4744124003246175,39,0.5488044348531589,0.85524375436884,0.0853783961127555,45.3223483483151,49.19189775835784
